Player,Age,Team,Pos,G,GS,MP,FG,FGA,FG%,3P,3PA,3P%,2P,2PA,2P%,eFG%,FT,FTA,FT%,ORB,DRB,TRB,AST,STL,BLK,TOV,PF,PTS,Trp-Dbl,Salary
Luka Doncic,24,DAL,PG,70,70,2624,804,1652,0.487,284,744,0.382,520,908,0.573,0.573,478,608,0.786,59,588,647,686,99,38,282,149,2370,21,40064220
Stephen Curry,35,GSW,PG,74,74,2421,650,1445,0.45,357,876,0.408,293,569,0.515,0.573,299,324,0.923,37,293,330,379,54,28,210,117,1956,0,51915615
Shai Gilgeous-Alexander,25,OKC,PG,75,75,2553,796,1487,0.535,95,269,0.353,701,1218,0.576,0.567,567,649,0.874,65,350,415,465,150,67,162,184,2254,0,33386850
Kevin Durant,35,PHO,PF,75,75,2791,751,1436,0.523,168,407,0.413,583,1029,0.567,0.581,362,423,0.856,41,454,495,378,69,91,244,133,2032,1,47649433
Giannis Antetokounmpo,29,MIL,PF,73,73,2567,837,1369,0.611,34,124,0.274,803,1245,0.645,0.624,514,782,0.657,196,645,841,476,87,79,250,210,2222,10,45640084
Joel Embiid,29,PHI,C,39,39,1309,450,851,0.529,54,139,0.388,396,712,0.556,0.561,399,452,0.883,95,335,430,219,46,66,150,112,1353,2,47607350
Jalen Brunson,27,NYK,PG,77,77,2726,790,1648,0.479,211,526,0.401,579,1122,0.516,0.543,421,497,0.847,43,235,278,519,70,13,186,144,2212,0,26346666
LeBron James,39,LAL,PF,71,71,2504,685,1269,0.54,149,363,0.41,536,906,0.592,0.599,303,404,0.75,61,457,518,589,89,38,245,78,1822,5,47607350
Nikola Jokic,28,DEN,C,79,79,2737,822,1411,0.583,83,231,0.359,739,1180,0.626,0.612,358,438,0.817,223,753,976,708,108,68,237,194,2085,25,47607350
Anthony Edwards,22,MIN,SG,79,78,2770,718,1558,0.461,190,532,0.357,528,1026,0.515,0.522,423,506,0.836,52,378,430,405,101,42,241,141,2049,0,13534817
Bradley Beal,30,PHO,SG,53,53,1767,377,735,0.513,101,235,0.43,276,500,0.552,0.582,109,134,0.813,54,178,232,265,52,27,131,127,964,0,46741590
Damian Lillard,33,MIL,PG,73,73,2579,541,1277,0.424,220,622,0.354,321,655,0.49,0.51,473,514,0.92,36,284,320,508,72,18,193,134,1775,0,45640084
Jayson Tatum,25,BOS,PF,74,74,2645,672,1426,0.471,229,609,0.376,443,817,0.542,0.552,414,497,0.833,67,534,601,364,75,43,188,145,1987,0,32600060
De'Aaron Fox,26,SAC,PG,74,74,2659,720,1549,0.465,214,580,0.369,506,969,0.522,0.534,312,423,0.738,67,273,340,418,150,31,194,193,1966,0,32600060
Kawhi Leonard,32,LAC,SF,68,68,2330,610,1162,0.525,140,336,0.417,470,826,0.569,0.585,253,286,0.885,84,332,416,244,111,59,119,97,1613,1,45640084
Paul George,33,LAC,PF,74,74,2502,582,1236,0.471,243,588,0.413,339,648,0.523,0.569,264,291,0.907,37,351,388,262,113,37,153,202,1671,0,45640084
DeMar DeRozan,34,CHI,SF,79,79,2989,650,1355,0.48,75,225,0.333,575,1130,0.509,0.507,522,612,0.853,43,297,340,421,90,45,135,161,1897,0,28600000
Jimmy Butler,34,MIA,PF,60,60,2042,396,793,0.499,60,145,0.414,336,648,0.519,0.537,394,459,0.858,105,213,318,298,79,17,102,68,1246,1,45183960
Anthony Davis,30,LAL,C,76,76,2700,713,1283,0.556,29,107,0.271,684,1176,0.582,0.567,421,516,0.816,239,722,961,266,91,178,159,177,1876,2,40600080
Klay Thompson,33,GSW,SF,77,63,2284,490,1133,0.432,268,692,0.387,222,441,0.503,0.551,127,137,0.927,35,219,254,176,50,35,117,127,1375,0,43219440
Devin Booker,27,PHO,PG,68,68,2447,642,1305,0.492,152,418,0.364,490,887,0.552,0.55,405,457,0.886,56,252,308,472,61,28,178,206,1841,0,36016200
Rudy Gobert,31,MIN,C,76,76,2593,406,614,0.661,0,3,0,406,611,0.664,0.661,249,390,0.638,285,697,982,102,52,162,118,238,1061,0,41000000
Fred VanVleet,29,HOU,PG,73,73,2684,423,1018,0.416,227,586,0.387,196,432,0.454,0.527,197,229,0.86,33,245,278,589,101,59,126,183,1270,0,40806300
Tyrese Maxey,23,PHI,PG,70,70,2626,638,1419,0.45,212,569,0.373,426,850,0.501,0.524,328,378,0.868,36,222,258,433,69,33,116,151,1816,0,4343920
Paolo Banchero,21,ORL,PF,80,80,2799,640,1407,0.455,119,351,0.339,521,1056,0.493,0.497,405,559,0.725,82,472,554,431,71,47,247,153,1804,2,11608080
Zach LaVine,28,CHI,SG,25,23,872,170,376,0.452,59,169,0.349,111,207,0.536,0.531,88,103,0.854,8,121,129,98,21,8,52,57,487,0,40064220
Dejounte Murray,27,ATL,SG,78,78,2783,672,1463,0.459,201,554,0.363,471,909,0.518,0.528,208,262,0.794,62,354,416,502,111,24,201,138,1753,1,18214000
Trae Young,25,ATL,PG,54,54,1942,433,1008,0.43,175,469,0.373,258,539,0.479,0.516,348,407,0.855,23,126,149,583,72,11,235,109,1389,0,40064220
Pascal Siakam,29,2TM,PF,80,80,2657,681,1271,0.536,85,246,0.346,596,1025,0.581,0.569,290,396,0.732,139,426,565,342,63,25,141,193,1737,1,37893408
Pascal Siakam,29,TOR,PF,39,39,1354,325,623,0.522,46,145,0.317,279,478,0.584,0.559,169,223,0.758,54,192,246,190,32,10,83,87,865,0,37893408
Pascal Siakam,29,IND,PF,41,41,1303,356,648,0.549,39,101,0.386,317,547,0.58,0.579,121,173,0.699,85,234,319,152,31,15,58,106,872,1,37893408
Tobias Harris,31,PHI,PF,70,70,2368,463,951,0.487,91,258,0.353,372,693,0.537,0.535,187,213,0.878,80,373,453,217,70,46,93,115,1204,0,39270150
Kyrie Irving,31,DAL,SG,58,58,2030,562,1131,0.497,173,421,0.411,389,710,0.548,0.573,190,210,0.905,44,246,290,299,74,28,106,112,1487,0,38037037
Ben Simmons,27,BRK,PG,15,12,359,43,74,0.581,0,0,0,43,74,0.581,0.581,6,15,0.4,31,88,119,86,12,9,27,36,92,0,37893408
Jrue Holiday,33,BOS,PG,69,69,2263,331,689,0.48,138,322,0.429,193,367,0.526,0.581,60,72,0.833,84,289,373,333,61,53,124,108,860,0,37620347
Jaylen Brown,27,BOS,SF,70,70,2343,627,1256,0.499,145,410,0.354,482,846,0.57,0.557,211,300,0.703,84,303,387,249,83,37,166,185,1610,1,31830357
Jalen Green,21,HOU,SG,82,82,2601,563,1332,0.423,201,605,0.332,362,727,0.498,0.498,283,352,0.804,41,382,423,291,66,28,191,115,1610,1,9891480
Karl-Anthony Towns,28,MIN,PF,62,62,2026,479,951,0.504,136,327,0.416,343,624,0.55,0.575,255,292,0.873,94,421,515,189,43,41,177,204,1349,0,36016200
Mikal Bridges,27,BRK,SF,82,82,2854,564,1294,0.436,220,592,0.372,344,702,0.49,0.521,258,317,0.814,68,304,372,299,81,30,164,116,1606,0,21700000
Zion Williamson,23,NOP,PF,70,70,2207,624,1094,0.57,6,18,0.333,618,1076,0.574,0.573,347,494,0.702,122,284,406,352,77,47,193,159,1601,0,34005250
CJ McCollum,32,NOP,PG,66,66,2159,484,1055,0.459,239,557,0.429,245,498,0.492,0.572,115,139,0.827,39,247,286,305,62,41,110,126,1322,0,35802469
Domantas Sabonis,27,SAC,C,82,82,2928,634,1068,0.594,33,87,0.379,601,981,0.613,0.609,292,415,0.704,294,826,1120,673,74,48,272,250,1593,26,29300000
James Harden,34,LAC,PG,72,72,2470,352,822,0.428,186,488,0.381,166,334,0.497,0.541,302,344,0.878,34,335,369,614,77,57,185,127,1192,3,35680595
Kyle Kuzma,28,WAS,PF,70,70,2281,608,1313,0.463,151,450,0.336,457,863,0.53,0.521,186,240,0.775,62,402,464,296,37,49,192,153,1553,0,25568182
Victor Wembanyama,20,SAS,C,71,71,2106,551,1186,0.465,128,394,0.325,423,792,0.534,0.519,292,367,0.796,161,594,755,274,88,254,260,153,1522,2,12160632
Ja Morant,24,MEM,PG,9,9,318,80,170,0.471,14,51,0.275,66,119,0.555,0.512,52,64,0.813,6,44,50,73,7,5,27,19,226,0,34005250
Coby White,23,CHI,PG,79,78,2881,541,1209,0.447,209,556,0.376,332,653,0.508,0.534,218,260,0.838,44,314,358,405,53,18,166,186,1509,0,11111111
Darius Garland,24,CLE,PG,57,57,1901,375,841,0.446,132,356,0.371,243,485,0.501,0.524,146,175,0.834,30,122,152,373,74,7,176,95,1028,0,34005250
Brandon Ingram,26,NOP,SF,64,64,2103,500,1017,0.492,86,242,0.355,414,775,0.534,0.534,246,307,0.801,43,281,324,363,50,40,163,145,1332,1,33833400
Jamal Murray,26,DEN,PG,59,59,1861,474,986,0.481,145,341,0.425,329,645,0.51,0.554,157,184,0.853,42,200,242,384,57,39,125,104,1250,0,33833400
Cam Thomas,22,BRK,SG,66,51,2075,526,1190,0.442,144,396,0.364,382,794,0.481,0.503,286,334,0.856,28,186,214,192,45,16,124,138,1482,0,2240160
Donovan Mitchell,27,CLE,SG,55,55,1942,503,1089,0.462,182,494,0.368,321,595,0.539,0.545,275,318,0.865,46,234,280,333,101,30,154,118,1463,0,33162030
Collin Sexton,25,UTA,SG,78,51,2075,506,1038,0.487,128,325,0.394,378,713,0.53,0.549,318,370,0.859,71,134,205,383,62,18,165,154,1458,0,17525000
Gordon Hayward,33,2TM,SF,51,28,1245,187,403,0.464,37,90,0.411,150,313,0.479,0.51,89,120,0.742,38,143,181,158,40,13,66,67,500,0,33319397
Gordon Hayward,33,CHO,SF,25,25,798,139,297,0.468,22,61,0.361,117,236,0.496,0.505,62,81,0.765,25,92,117,116,28,12,51,46,362,0,33319397
Gordon Hayward,33,OKC,SF,26,3,447,48,106,0.453,15,29,0.517,33,77,0.429,0.524,27,39,0.692,13,51,64,42,12,1,15,21,138,0,33319397
Miles Bridges,25,CHO,SF,69,67,2581,559,1210,0.462,157,450,0.349,402,760,0.529,0.527,174,211,0.825,71,434,505,231,65,33,138,118,1449,0,7921300
Franz Wagner,22,ORL,SF,72,72,2337,528,1096,0.482,94,334,0.281,434,762,0.57,0.525,271,319,0.85,72,309,381,269,76,28,137,168,1421,0,5508720
Cade Cunningham,22,DET,PG,62,62,2074,524,1167,0.449,119,335,0.355,405,832,0.487,0.5,238,274,0.869,33,235,268,464,56,22,212,153,1405,0,11055360
Bam Adebayo,26,MIA,C,71,71,2416,530,1017,0.521,15,42,0.357,515,975,0.528,0.529,292,387,0.755,159,578,737,278,81,66,162,159,1367,2,32600060
Tyrese Haliburton,23,IND,PG,69,68,2224,500,1048,0.477,195,535,0.364,305,513,0.595,0.57,194,227,0.855,35,236,271,752,83,48,159,75,1389,1,5808435
Deandre Ayton,25,POR,C,55,55,1784,427,749,0.57,1,10,0.1,426,739,0.576,0.571,65,79,0.823,176,433,609,90,56,42,99,109,920,0,32459438
Nikola Vucevic,33,CHI,C,76,74,2610,586,1211,0.484,92,313,0.294,494,898,0.55,0.522,106,129,0.822,210,591,801,254,50,60,120,190,1370,0,18518519
Chris Paul,38,GSW,PG,58,18,1531,206,467,0.441,78,210,0.371,128,257,0.498,0.525,43,52,0.827,18,207,225,393,70,6,76,108,533,0,30800000
D'Angelo Russell,27,LAL,PG,76,69,2484,492,1080,0.456,226,545,0.415,266,535,0.497,0.56,159,192,0.828,28,208,236,482,69,36,156,156,1369,0,17307693
Kyle Lowry,37,2TM,PG,60,55,1690,163,377,0.432,98,250,0.392,65,127,0.512,0.562,63,75,0.84,34,160,194,253,59,21,85,146,487,0,29682540
Kyle Lowry,37,MIA,PG,37,35,1037,103,242,0.426,62,161,0.385,41,81,0.506,0.554,35,42,0.833,25,104,129,147,39,15,53,94,303,0,29682540
Kyle Lowry,37,PHI,PG,23,20,653,60,135,0.444,36,89,0.404,24,46,0.522,0.578,28,33,0.848,9,56,65,106,20,6,32,52,184,0,29682540
Khris Middleton,32,MIL,SF,55,55,1487,317,643,0.493,94,247,0.381,223,396,0.563,0.566,100,120,0.833,40,217,257,292,51,15,127,141,828,1,29320988
Chet Holmgren,21,OKC,C,82,82,2413,505,953,0.53,129,349,0.37,376,604,0.623,0.598,218,275,0.793,129,519,648,200,53,190,131,197,1357,0,10386000
Jordan Poole,24,WAS,SG,78,66,2346,490,1186,0.413,184,564,0.326,306,622,0.492,0.491,192,219,0.877,32,180,212,343,86,25,188,244,1356,0,27955357
Jalen Williams,22,OKC,PF,71,71,2223,536,993,0.54,103,241,0.427,433,752,0.576,0.592,180,221,0.814,37,245,282,322,80,45,123,175,1355,0,4558680
Jerami Grant,29,POR,PF,54,54,1830,383,850,0.451,111,276,0.402,272,574,0.474,0.516,255,312,0.817,37,154,191,152,45,34,116,117,1132,0,27586207
Tyler Herro,24,MIA,SG,42,40,1407,324,735,0.441,132,333,0.396,192,402,0.478,0.531,95,111,0.856,19,203,222,188,30,3,93,63,875,0,27000000
Bogdan Bogdanovic,31,ATL,SG,79,33,2401,471,1100,0.428,240,641,0.374,231,459,0.503,0.537,151,164,0.921,53,219,272,247,96,26,112,179,1333,0,18700000
Julius Randle,29,NYK,PF,46,46,1630,395,836,0.472,76,244,0.311,319,592,0.539,0.518,236,302,0.781,99,324,423,229,25,12,159,125,1102,1,26943840
Alperen Sengun,21,HOU,C,63,63,2046,527,982,0.537,33,111,0.297,494,871,0.567,0.553,244,352,0.693,183,406,589,312,76,46,162,211,1331,2,3536280
Cameron Johnson,27,BRK,PF,58,47,1599,276,619,0.446,138,353,0.391,138,266,0.519,0.557,86,109,0.789,55,196,251,138,49,15,57,105,776,0,25679348
Devin Vassell,23,SAS,SG,68,62,2248,498,1056,0.472,166,446,0.372,332,610,0.544,0.55,161,201,0.801,27,234,261,277,73,23,108,74,1323,0,5887899
John Collins,26,UTA,PF,68,66,1901,397,746,0.532,86,232,0.371,311,514,0.605,0.59,147,185,0.795,157,418,575,77,40,61,98,191,1027,0,25340000
Myles Turner,27,IND,C,77,77,2076,476,909,0.524,116,324,0.358,360,585,0.615,0.587,245,317,0.773,113,420,533,100,39,144,109,232,1313,0,20975000
Brook Lopez,35,MIL,C,79,79,2411,366,755,0.485,148,404,0.366,218,351,0.621,0.583,110,134,0.821,117,292,409,127,43,189,79,191,990,0,25000000
Austin Reaves,25,LAL,SG,82,57,2629,457,940,0.486,154,420,0.367,303,520,0.583,0.568,232,272,0.853,57,295,352,450,66,25,174,153,1300,1,12015150
Mike Conley,36,MIN,PG,76,76,2193,294,644,0.457,179,405,0.442,115,239,0.481,0.595,102,112,0.911,37,181,218,449,88,17,102,128,869,0,24360000
Brandon Miller,21,CHO,SF,74,68,2383,476,1083,0.44,184,493,0.373,292,590,0.495,0.524,143,173,0.827,60,255,315,175,66,42,132,184,1279,0,10880364
Andrew Wiggins,28,GSW,SF,71,59,1920,353,780,0.453,91,254,0.358,262,526,0.498,0.511,142,189,0.751,108,213,321,119,42,41,87,147,939,0,24330357
Lauri Markkanen,26,UTA,PF,55,55,1820,427,890,0.48,175,439,0.399,252,451,0.559,0.578,249,277,0.899,122,327,449,110,50,26,77,100,1278,0,17259999
Anfernee Simons,24,POR,SG,46,46,1582,360,837,0.43,156,405,0.385,204,432,0.472,0.523,163,178,0.916,22,145,167,255,23,5,126,98,1039,0,24107143
Jarrett Allen,25,CLE,C,77,77,2442,519,819,0.634,0,6,0,519,813,0.638,0.634,233,314,0.742,243,568,811,210,53,81,121,147,1271,0,20000000
RJ Barrett,23,2TM,SG,58,58,1838,436,880,0.495,90,250,0.36,346,630,0.549,0.547,208,291,0.715,53,262,315,193,31,22,126,129,1170,0,23883929
RJ Barrett,23,NYK,SG,26,26,766,164,388,0.423,43,130,0.331,121,258,0.469,0.478,103,124,0.831,19,92,111,63,12,9,47,45,474,0,23883929
RJ Barrett,23,TOR,SG,32,32,1072,272,492,0.553,47,120,0.392,225,372,0.605,0.601,105,167,0.629,34,170,204,130,19,13,79,84,696,0,23883929
Jordan Clarkson,31,UTA,SG,55,19,1682,337,816,0.413,91,309,0.294,246,507,0.485,0.469,177,201,0.881,49,139,188,277,35,6,146,81,942,1,23487629
Donte DiVincenzo,27,NYK,SG,81,63,2360,445,1004,0.443,283,705,0.401,162,299,0.542,0.584,86,114,0.754,63,234,297,216,107,36,113,166,1259,0,10900000
Terry Rozier,29,2TM,SG,61,60,2040,442,998,0.443,149,410,0.363,293,588,0.498,0.518,172,198,0.869,35,212,247,342,63,21,106,101,1205,0,23205221
Terry Rozier,29,CHO,SG,30,30,1065,252,549,0.459,83,232,0.358,169,317,0.533,0.535,109,129,0.845,17,100,117,198,32,12,65,52,696,0,23205221
Terry Rozier,29,MIA,PG,31,30,975,190,449,0.423,66,178,0.371,124,271,0.458,0.497,63,69,0.913,18,112,130,144,31,9,41,49,509,0,23205221
Dillon Brooks,28,HOU,SF,72,72,2227,329,768,0.428,133,370,0.359,196,398,0.492,0.515,124,147,0.844,53,193,246,119,64,10,88,241,915,0,22627671
Malcolm Brogdon,31,POR,PG,39,25,1121,218,496,0.44,82,199,0.412,136,297,0.458,0.522,95,116,0.819,28,120,148,214,27,8,60,58,613,0,22500000
Draymond Green,33,GSW,PF,55,52,1490,185,372,0.497,51,129,0.395,134,243,0.551,0.566,54,74,0.73,76,322,398,332,55,47,135,166,475,1,22321429
Bruce Brown,27,2TM,SG,67,44,1866,278,582,0.478,53,164,0.323,225,418,0.538,0.523,117,142,0.824,53,231,284,192,59,17,86,148,726,0,22000000
Bruce Brown,27,IND,SG,33,33,981,149,314,0.475,33,101,0.327,116,213,0.545,0.527,67,82,0.817,25,129,154,100,35,8,41,81,398,0,22000000
Bruce Brown,27,TOR,PG,34,11,885,129,268,0.481,20,63,0.317,109,205,0.532,0.519,50,60,0.833,28,102,130,92,24,9,45,67,328,0,22000000
Aaron Gordon,28,DEN,PF,73,73,2297,398,716,0.556,40,138,0.29,358,578,0.619,0.584,177,269,0.658,174,297,471,259,56,45,105,142,1013,0,21266182
Scottie Barnes,22,TOR,SG,60,60,2094,447,942,0.475,101,296,0.341,346,646,0.536,0.528,196,251,0.781,141,353,494,363,75,88,165,118,1191,4,8008680
Clint Capela,29,ATL,C,73,73,1883,353,618,0.571,0,1,0,353,617,0.572,0.571,130,206,0.631,335,441,776,91,43,106,74,164,836,0,20616000
Jonathan Kuminga,21,GSW,PF,74,46,1949,456,862,0.529,53,165,0.321,403,697,0.578,0.56,223,299,0.746,92,263,355,163,55,36,122,169,1188,0,6012840
Jaden Ivey,21,DET,SG,77,61,2217,417,973,0.429,124,369,0.336,293,604,0.485,0.492,227,303,0.749,86,178,264,296,57,41,190,204,1185,0,7614480
Spencer Dinwiddie,30,2TM,PG,76,52,2152,251,640,0.392,124,368,0.337,127,272,0.467,0.489,169,210,0.805,30,175,205,356,51,22,91,138,795,0,20411797
Spencer Dinwiddie,30,BRK,PG,48,48,1474,195,499,0.391,89,278,0.32,106,221,0.48,0.48,125,160,0.781,26,132,158,288,38,9,62,86,604,0,20411797
Spencer Dinwiddie,30,LAL,PG,28,4,678,56,141,0.397,35,90,0.389,21,51,0.412,0.521,44,50,0.88,4,43,47,68,13,13,29,52,191,0,20411797
Keegan Murray,23,SAC,SF,77,77,2588,443,975,0.454,183,511,0.358,260,464,0.56,0.548,103,124,0.831,106,314,420,129,79,59,64,205,1172,0,8409000
De'Andre Hunter,26,ATL,SF,57,37,1681,304,663,0.459,117,304,0.385,187,359,0.521,0.547,166,196,0.847,31,191,222,87,40,16,83,146,891,0,20089286
Keldon Johnson,24,SAS,SF,69,27,2038,391,862,0.454,127,367,0.346,264,495,0.533,0.527,175,221,0.792,95,282,377,195,51,20,100,149,1084,0,20000000
Bojan Bogdanovic,34,2TM,PF,57,27,1478,309,681,0.454,133,334,0.398,176,347,0.507,0.551,117,149,0.785,22,130,152,97,30,5,101,95,868,0,20000000
Bojan Bogdanovic,34,DET,PF,28,27,921,199,425,0.468,86,207,0.415,113,218,0.518,0.569,81,104,0.779,13,81,94,71,23,4,63,57,565,0,20000000
Bojan Bogdanovic,34,NYK,SF,29,0,557,110,256,0.43,47,127,0.37,63,129,0.488,0.521,36,45,0.8,9,49,58,26,7,1,38,38,303,0,20000000
Immanuel Quickley,24,2TM,SG,68,38,1985,388,894,0.434,171,433,0.395,217,461,0.471,0.53,209,245,0.853,17,242,259,331,50,10,101,119,1156,0,4171548
Immanuel Quickley,24,NYK,SG,30,0,720,152,335,0.454,64,162,0.395,88,173,0.509,0.549,82,94,0.872,5,72,77,74,16,3,31,44,450,0,4171548
Immanuel Quickley,24,TOR,PG,38,38,1265,236,559,0.422,107,271,0.395,129,288,0.448,0.518,127,151,0.841,12,170,182,257,34,7,70,75,706,0,4171548
Jakob Poeltl,28,TOR,C,50,50,1319,248,378,0.656,0,0,0,248,378,0.656,0.656,59,107,0.551,146,283,429,127,35,76,77,149,555,0,19500000
Buddy Hield,31,2TM,SF,84,42,2160,371,850,0.436,219,568,0.386,152,282,0.539,0.565,52,59,0.881,61,208,269,236,70,42,103,169,1013,0,19321859
Buddy Hield,31,IND,SF,52,28,1336,229,517,0.443,137,357,0.384,92,160,0.575,0.575,28,33,0.848,34,133,167,139,43,31,62,103,623,0,19321859
Buddy Hield,31,PHI,SG,32,14,824,142,333,0.426,82,211,0.389,60,122,0.492,0.55,24,26,0.923,27,75,102,97,27,11,41,66,390,0,19321859
Evan Fournier,31,2TM,SG,32,0,580,79,221,0.357,33,130,0.254,46,91,0.505,0.432,29,36,0.806,5,53,58,48,29,7,21,48,220,0,18857143
Evan Fournier,31,NYK,SG,3,0,39,4,20,0.2,2,15,0.133,2,5,0.4,0.25,2,2,1,0,4,4,3,4,0,1,4,12,0,18857143
Evan Fournier,31,DET,SG,29,0,541,75,201,0.373,31,115,0.27,44,86,0.512,0.45,27,34,0.794,5,49,54,45,25,7,20,44,208,0,18857143
Derrick White,29,BOS,SG,73,73,2381,387,839,0.461,196,495,0.396,191,344,0.555,0.578,137,152,0.901,51,259,310,377,74,87,112,152,1107,1,18857143
Bobby Portis,28,MIL,PF,82,4,2008,466,918,0.508,100,246,0.407,366,672,0.545,0.562,98,124,0.79,142,465,607,104,68,34,91,189,1130,0,11710818
OG Anunoby,26,2TM,SF,50,50,1702,282,577,0.489,102,267,0.382,180,310,0.581,0.577,67,89,0.753,47,161,208,107,68,36,81,119,733,0,18642857
OG Anunoby,26,TOR,SF,27,27,900,157,321,0.489,61,163,0.374,96,158,0.608,0.584,33,46,0.717,24,82,106,72,28,13,43,62,408,0,18642857
OG Anunoby,26,NYK,SF,23,23,802,125,256,0.488,41,104,0.394,84,152,0.553,0.568,34,43,0.791,23,79,102,35,40,23,38,57,325,0,18642857
Marcus Smart,29,MEM,PG,20,20,605,102,237,0.43,42,134,0.313,60,103,0.583,0.519,43,56,0.768,6,47,53,86,41,5,62,53,289,0,18583713
Malik Monk,25,SAC,SG,72,0,1872,396,893,0.443,148,423,0.35,248,470,0.528,0.526,170,205,0.829,28,184,212,370,45,39,150,156,1110,0,9945830
Duncan Robinson,29,MIA,SF,68,36,1905,304,675,0.45,187,473,0.395,117,202,0.579,0.589,80,90,0.889,15,158,173,192,46,16,95,163,875,0,18154000
Deni Avdija,23,WAS,SF,75,75,2257,406,803,0.506,88,235,0.374,318,568,0.56,0.56,202,273,0.74,84,456,540,286,60,36,160,185,1102,0,6263188
Norman Powell,30,LAC,SG,76,3,1990,373,768,0.486,167,384,0.435,206,384,0.536,0.594,143,172,0.831,16,179,195,82,43,22,66,137,1056,0,18000000
Naz Reid,24,MIN,PF,81,14,1964,406,851,0.477,169,408,0.414,237,443,0.535,0.576,109,148,0.736,73,350,423,106,63,73,111,172,1090,0,12950400
Marcus Morris,34,2TM,PF,49,7,817,116,264,0.439,48,119,0.403,68,145,0.469,0.53,36,44,0.818,23,111,134,36,15,13,30,74,316,0,17612280
Marcus Morris,34,PHI,PF,37,7,637,90,205,0.439,36,90,0.4,54,115,0.47,0.527,31,36,0.861,18,91,109,26,13,11,19,61,247,0,17612280
Marcus Morris,34,CLE,PF,12,0,180,26,59,0.441,12,29,0.414,14,30,0.467,0.542,5,8,0.625,5,20,25,10,2,2,11,13,69,0,17612280
Corey Kispert,24,WAS,SF,80,22,2067,386,794,0.486,184,480,0.383,202,314,0.643,0.602,114,157,0.726,30,195,225,156,41,16,98,141,1070,0,3722040
Jonathan Isaac,26,ORL,PF,58,2,914,146,286,0.51,42,112,0.375,104,174,0.598,0.584,59,82,0.72,73,187,260,30,43,70,27,64,393,0,17400000
Harrison Barnes,31,SAC,PF,82,82,2381,347,732,0.474,149,385,0.387,198,347,0.571,0.576,157,196,0.801,67,182,249,99,54,12,58,98,1000,0,17000000
Markelle Fultz,25,ORL,PG,43,18,910,154,326,0.472,4,18,0.222,150,308,0.487,0.479,23,33,0.697,56,82,138,120,42,15,50,65,335,0,17000000
Jusuf Nurkic,29,PHO,C,76,76,2078,320,627,0.51,22,90,0.244,298,537,0.555,0.528,167,261,0.64,224,613,837,301,81,80,175,254,829,0,16875000
Grayson Allen,28,PHO,SG,75,74,2513,340,682,0.499,205,445,0.461,135,237,0.57,0.649,129,147,0.878,48,247,295,227,69,45,95,157,1014,0,8925000
Rui Hachimura,25,LAL,PF,68,39,1826,363,676,0.537,98,232,0.422,265,444,0.597,0.609,99,134,0.739,58,236,294,81,41,25,46,101,923,0,15740741
Mitchell Robinson,25,NYK,C,31,21,768,73,127,0.575,0,0,0,73,127,0.575,0.575,27,66,0.409,142,121,263,18,37,35,25,55,173,0,15681818
Kevin Huerter,25,SAC,SG,64,59,1562,248,560,0.443,123,341,0.361,125,219,0.571,0.553,36,47,0.766,38,186,224,166,45,23,53,135,655,0,15669643
Caris LeVert,29,CLE,SG,68,10,1958,345,820,0.421,108,332,0.325,237,488,0.486,0.487,154,201,0.766,39,241,280,346,76,34,117,121,952,0,15384616
Luguentz Dort,24,OKC,SF,79,79,2246,288,657,0.438,156,396,0.394,132,261,0.506,0.557,128,155,0.826,74,210,284,113,72,47,74,228,860,0,15277778
Desmond Bane,25,MEM,SG,42,42,1443,360,776,0.464,137,360,0.381,223,416,0.536,0.552,140,161,0.87,36,149,185,230,43,22,112,120,997,0,3845083
Luke Kennard,27,MEM,SG,39,22,999,141,315,0.448,107,238,0.45,34,77,0.442,0.617,40,45,0.889,11,102,113,136,20,2,54,39,429,0,14763636
Kentavious Caldwell-Pope,30,DEN,SG,76,76,2402,270,587,0.46,125,308,0.406,145,279,0.52,0.566,101,113,0.894,31,152,183,183,98,42,75,151,766,0,14704938
Josh Giddey,21,OKC,SG,80,80,2011,402,847,0.475,82,243,0.337,320,604,0.53,0.523,100,124,0.806,111,403,514,386,51,44,168,111,986,3,6587040
Max Strus,27,CLE,SF,70,70,2239,304,728,0.418,168,479,0.351,136,249,0.546,0.533,77,97,0.794,66,272,338,283,64,29,112,170,853,1,14487684
Keyonte George,20,UTA,PG,75,44,2023,319,815,0.391,147,440,0.334,172,375,0.459,0.482,189,223,0.848,15,196,211,332,36,7,188,91,974,0,3889776
Reggie Bullock,32,HOU,SF,44,0,417,34,82,0.415,27,67,0.403,7,15,0.467,0.579,1,1,1,6,67,73,15,12,5,10,29,96,0,14210528
Tyus Jones,27,WAS,PG,66,66,1933,326,666,0.489,106,256,0.414,220,410,0.537,0.569,32,40,0.8,20,159,179,485,71,18,66,48,790,1,14000000
Doug McDermott,32,2TM,SF,64,0,904,123,284,0.433,94,229,0.41,29,55,0.527,0.599,11,19,0.579,10,49,59,70,16,2,28,64,351,0,14000000
Doug McDermott,32,SAS,SF,46,0,700,95,215,0.442,76,173,0.439,19,42,0.452,0.619,10,17,0.588,8,40,48,57,11,2,24,48,276,0,14000000
Doug McDermott,32,IND,SF,18,0,204,28,69,0.406,18,56,0.321,10,13,0.769,0.536,1,2,0.5,2,9,11,13,5,0,4,16,75,0,14000000
Dorian Finney-Smith,30,BRK,PF,68,56,1934,215,511,0.421,117,336,0.348,98,175,0.56,0.535,33,46,0.717,109,208,317,107,56,38,59,150,580,0,13932008
Jalen Suggs,22,ORL,SG,75,75,2025,336,714,0.471,153,385,0.397,183,329,0.556,0.578,118,156,0.756,48,181,229,205,106,47,132,205,943,0,7252080
Gary Harris,29,ORL,SG,54,27,1297,131,297,0.441,76,205,0.371,55,92,0.598,0.569,34,45,0.756,24,67,91,87,49,14,31,91,372,0,13000000
Josh Hart,28,NYK,SF,81,42,2707,295,679,0.434,80,258,0.31,215,421,0.511,0.493,91,115,0.791,128,547,675,331,75,23,118,171,761,6,12960000
Cole Anthony,23,ORL,PG,81,0,1817,332,763,0.435,93,275,0.338,239,488,0.49,0.496,180,218,0.826,64,247,311,236,64,37,126,175,937,0,5539771
Ayo Dosunmu,24,CHI,SG,76,37,2212,360,719,0.501,119,295,0.403,241,424,0.568,0.583,85,105,0.81,54,162,216,242,68,36,103,166,924,0,6481482
Brandon Clarke,27,MEM,PF,6,1,134,33,59,0.559,1,6,0.167,32,53,0.604,0.568,1,7,0.143,13,19,32,9,5,6,3,8,68,0,12500000
Grant Williams,25,2TM,PF,76,43,2130,276,605,0.456,126,336,0.375,150,269,0.558,0.56,106,140,0.757,86,232,318,174,44,39,109,226,784,0,12405000
Grant Williams,25,DAL,PF,47,33,1242,131,317,0.413,79,210,0.376,52,107,0.486,0.538,41,55,0.745,46,123,169,81,24,27,53,137,382,0,12405000
Grant Williams,25,CHO,PF,29,10,888,145,288,0.503,47,126,0.373,98,162,0.605,0.585,65,85,0.765,40,109,149,93,20,12,56,89,402,0,12405000
Daniel Gafford,25,2TM,PF,74,66,1815,348,480,0.725,0,0,0,348,480,0.725,0.725,118,175,0.674,195,367,562,115,65,153,74,227,814,0,12402000
Daniel Gafford,25,WAS,C,45,45,1192,203,294,0.69,0,0,0,203,294,0.69,0.69,84,119,0.706,131,230,361,69,44,97,46,147,490,0,12402000
Daniel Gafford,25,DAL,PF,29,21,623,145,186,0.78,0,0,0,145,186,0.78,0.78,34,56,0.607,64,137,201,46,21,56,28,80,324,0,12402000
Jalen Johnson,22,ATL,SF,56,52,1889,359,702,0.511,71,200,0.355,288,502,0.574,0.562,107,147,0.728,74,414,488,203,67,47,101,133,896,1,2925360
Kelly Olynyk,32,2TM,C,78,27,1759,276,497,0.555,60,155,0.387,216,342,0.632,0.616,150,180,0.833,108,303,411,347,74,30,152,230,762,0,12195122
Kelly Olynyk,32,UTA,C,50,8,1019,145,258,0.562,36,84,0.429,109,174,0.626,0.632,80,95,0.842,63,191,254,219,37,12,81,132,406,0,12195122
Kelly Olynyk,32,TOR,C,28,19,740,131,239,0.548,24,71,0.338,107,168,0.637,0.598,70,85,0.824,45,112,157,128,37,18,71,98,356,0,12195122
Malik Beasley,27,MIL,SG,79,77,2337,320,722,0.443,224,542,0.413,96,180,0.533,0.598,25,35,0.714,41,249,290,108,59,9,54,158,889,0,2709849
James Wiseman,22,DET,C,63,6,1091,187,305,0.613,0,2,0,187,303,0.617,0.613,72,102,0.706,110,226,336,54,12,39,66,141,446,0,12119440
Aaron Nesmith,24,IND,SF,72,47,1995,315,635,0.496,140,334,0.419,175,301,0.581,0.606,107,137,0.781,63,212,275,108,65,49,64,241,877,0,5634257
Richaun Holmes,30,2TM,C,40,10,555,82,147,0.558,1,3,0.333,81,144,0.563,0.561,34,47,0.723,71,111,182,25,11,19,24,74,199,0,12046020
Richaun Holmes,30,DAL,C,23,2,237,33,59,0.559,0,0,0,33,59,0.559,0.559,12,21,0.571,33,45,78,15,3,9,12,33,78,0,12046020
Richaun Holmes,30,WAS,PF,17,8,318,49,88,0.557,1,3,0.333,48,85,0.565,0.563,22,26,0.846,38,66,104,10,8,10,12,41,121,0,12046020
Chris Boucher,31,TOR,PF,50,0,705,110,217,0.507,31,94,0.33,79,123,0.642,0.578,71,92,0.772,62,145,207,23,14,24,28,68,322,0,11750000
Scoot Henderson,19,POR,PG,62,32,1765,307,797,0.385,87,268,0.325,220,529,0.416,0.44,167,204,0.819,53,141,194,336,48,13,212,195,868,0,9770904
Nicolas Batum,35,2TM,PF,60,38,1529,116,256,0.453,73,185,0.395,43,71,0.606,0.596,15,21,0.714,70,178,248,128,48,38,40,109,320,0,11710818
Nicolas Batum,35,LAC,PF,3,0,54,3,8,0.375,2,7,0.286,1,1,1,0.5,0,0,0,0,7,7,5,3,4,1,5,8,0,11710818
Nicolas Batum,35,PHI,PF,57,38,1475,113,248,0.456,71,178,0.399,42,70,0.6,0.599,15,21,0.714,70,171,241,123,45,34,39,104,312,0,11710818
Moritz Wagner,26,ORL,C,80,1,1415,332,552,0.601,38,115,0.33,294,437,0.673,0.636,166,204,0.814,117,230,347,96,39,21,97,160,868,0,8000000
Robert Covington,33,2TM,PF,29,6,488,43,98,0.439,19,56,0.339,24,42,0.571,0.536,22,26,0.846,31,66,97,24,39,18,11,56,127,0,11692308
Robert Covington,33,LAC,PF,3,3,69,3,9,0.333,2,8,0.25,1,1,1,0.444,1,2,0.5,2,6,8,7,6,2,0,7,9,0,11692308
Robert Covington,33,PHI,SF,26,3,419,40,89,0.449,17,48,0.354,23,41,0.561,0.545,21,24,0.875,29,60,89,17,33,16,11,49,118,0,11692308
Saddiq Bey,24,ATL,SF,63,51,2062,290,697,0.416,113,358,0.316,177,339,0.522,0.497,170,203,0.837,167,244,411,92,51,11,54,88,863,0,4556983
Jeremy Sochan,20,SAS,PF,74,73,2193,340,776,0.438,70,227,0.308,270,549,0.492,0.483,111,144,0.771,137,339,476,249,62,40,140,168,861,0,5316960
Talen Horton-Tucker,23,UTA,PG,51,11,1009,184,465,0.396,60,182,0.33,124,283,0.438,0.46,88,109,0.807,21,100,121,177,45,19,65,94,516,0,11020000
Bennedict Mathurin,21,IND,SF,59,19,1538,296,663,0.446,80,214,0.374,216,449,0.481,0.507,184,224,0.821,60,174,234,119,35,14,97,117,856,0,6916080
Joe Ingles,36,ORL,SF,68,0,1169,99,227,0.436,70,161,0.435,29,66,0.439,0.59,28,34,0.824,18,124,142,203,43,5,67,88,296,0,11000000
Maxi Kleber,32,DAL,C,43,7,871,63,146,0.432,32,92,0.348,31,54,0.574,0.541,33,47,0.702,30,113,143,68,17,30,28,79,191,0,11000000
Obi Toppin,25,IND,PF,82,28,1730,332,579,0.573,102,253,0.403,230,326,0.706,0.661,77,100,0.77,85,235,320,128,47,43,69,143,843,0,6803012
Ivica Zubac,26,LAC,C,68,68,1794,337,519,0.649,0,0,0,337,519,0.649,0.649,120,166,0.723,196,430,626,93,22,83,79,180,794,0,10933333
LaMelo Ball,22,CHO,PG,22,22,711,183,423,0.433,70,197,0.355,113,226,0.5,0.515,90,104,0.865,29,84,113,176,40,4,83,79,526,1,10900635
Jalen Duren,20,DET,C,61,60,1777,349,564,0.619,0,4,0,349,560,0.623,0.619,143,181,0.79,192,517,709,147,33,47,129,192,841,0,4330680
Terance Mann,27,LAC,SG,75,71,1873,254,493,0.515,71,204,0.348,183,289,0.633,0.587,79,95,0.832,87,167,254,119,43,15,48,145,658,0,10576923
Matisse Thybulle,26,POR,SF,65,19,1487,126,317,0.397,80,231,0.346,46,86,0.535,0.524,22,29,0.759,30,106,136,90,113,49,40,93,354,0,10500000
Reggie Jackson,33,DEN,PG,82,23,1817,326,756,0.431,102,284,0.359,224,472,0.475,0.499,79,98,0.806,33,122,155,308,44,13,106,149,833,0,5000000
Alec Burks,32,2TM,SG,66,1,1212,210,569,0.369,124,330,0.376,86,239,0.36,0.478,145,167,0.868,24,126,150,88,28,12,48,75,689,0,10489600
Alec Burks,32,DET,SG,43,0,901,160,406,0.394,99,247,0.401,61,159,0.384,0.516,121,134,0.903,16,94,110,68,21,11,32,64,540,0,10489600
Alec Burks,32,NYK,SG,23,1,311,50,163,0.307,25,83,0.301,25,80,0.313,0.383,24,33,0.727,8,32,40,20,7,1,16,11,149,0,10489600
Landry Shamet,26,WAS,SG,46,5,726,118,274,0.431,53,157,0.338,65,117,0.556,0.527,38,46,0.826,16,46,62,54,25,10,30,76,327,0,10250000
Al Horford,37,BOS,C,65,33,1740,214,419,0.511,108,258,0.419,106,161,0.658,0.64,26,30,0.867,82,331,413,168,38,62,48,93,562,0,10000000
Tre Jones,24,SAS,PG,77,48,2138,303,600,0.505,64,191,0.335,239,409,0.584,0.558,101,118,0.856,58,231,289,478,78,9,116,92,771,1,9895833
Patrick Williams,22,CHI,PF,43,30,1174,159,359,0.443,59,148,0.399,100,211,0.474,0.525,52,66,0.788,46,120,166,66,40,33,57,87,429,0,9835881
Monte Morris,28,2TM,PG,33,0,476,62,153,0.405,27,70,0.386,35,83,0.422,0.493,13,19,0.684,7,50,57,69,19,9,7,14,164,0,9800926
Monte Morris,28,DET,PG,6,0,68,12,33,0.364,2,11,0.182,10,22,0.455,0.394,1,2,0.5,2,10,12,8,1,1,2,1,27,0,9800926
Monte Morris,28,MIN,PG,27,0,408,50,120,0.417,25,59,0.424,25,61,0.41,0.521,12,17,0.706,5,40,45,61,18,8,5,13,137,0,9800926
Payton Pritchard,26,BOS,PG,82,5,1825,297,635,0.468,147,382,0.385,150,253,0.593,0.583,46,56,0.821,70,195,265,281,39,6,61,106,787,0,4037277
Evan Mobley,22,CLE,PF,50,50,1532,320,552,0.58,22,59,0.373,298,493,0.604,0.6,123,171,0.719,111,357,468,160,45,72,90,134,785,0,8882640
Royce O'Neale,30,2TM,SF,79,14,1954,214,539,0.397,156,422,0.37,58,117,0.496,0.542,24,35,0.686,60,317,377,219,59,44,73,174,608,0,9500000
Royce O'Neale,30,BRK,SF,49,6,1202,126,325,0.388,97,265,0.366,29,60,0.483,0.537,15,22,0.682,38,183,221,137,32,29,51,120,364,0,9500000
Royce O'Neale,30,PHO,SF,30,8,752,88,214,0.411,59,157,0.376,29,57,0.509,0.549,9,13,0.692,22,134,156,82,27,15,22,54,244,0,9500000
Alex Caruso,29,CHI,SG,71,57,2040,253,541,0.468,136,333,0.408,117,208,0.563,0.593,73,96,0.76,62,211,273,247,120,70,102,181,715,0,9460000
Zach Collins,26,SAS,C,69,29,1526,298,616,0.484,58,181,0.32,240,435,0.552,0.531,122,162,0.753,118,252,370,194,34,52,132,206,776,0,7700000
Pat Connaughton,31,MIL,SF,76,3,1676,151,347,0.435,82,238,0.345,69,109,0.633,0.553,44,58,0.759,51,188,239,161,40,19,49,99,428,0,9423869
Cameron Payne,29,2TM,PG,78,10,1304,208,481,0.432,104,267,0.39,104,214,0.486,0.541,58,67,0.866,21,96,117,205,42,11,66,126,578,0,9391467
Cameron Payne,29,MIL,PG,47,2,702,101,222,0.455,52,131,0.397,49,91,0.538,0.572,37,44,0.841,5,57,62,109,22,3,31,73,291,0,9391467
Cameron Payne,29,PHI,PG,31,8,602,107,259,0.413,52,136,0.382,55,123,0.447,0.514,21,23,0.913,16,39,55,96,20,8,35,53,287,0,9391467
Georges Niang,30,CLE,PF,82,10,1831,284,632,0.449,149,396,0.376,135,236,0.572,0.567,51,60,0.85,22,256,278,98,30,18,72,192,768,0,8800000
Isaiah Hartenstein,25,NYK,C,75,49,1896,235,365,0.644,1,3,0.333,234,362,0.646,0.645,111,157,0.707,244,382,626,188,87,85,93,210,582,0,9245121
Kyle Anderson,30,MIN,PF,79,10,1782,199,433,0.46,11,48,0.229,188,385,0.488,0.472,97,137,0.708,60,213,273,331,71,47,91,128,506,0,9219512
Daniel Theis,31,2TM,C,60,3,1015,156,293,0.532,26,71,0.366,130,222,0.586,0.577,38,50,0.76,85,159,244,61,21,51,42,127,376,0,9108387
Daniel Theis,31,IND,C,1,0,8,1,4,0.25,0,1,0,1,3,0.333,0.25,0,0,0,0,0,0,0,0,0,0,1,2,0,9108387
Daniel Theis,31,LAC,C,59,3,1007,155,289,0.536,26,70,0.371,129,219,0.589,0.581,38,50,0.76,85,159,244,61,21,51,42,126,374,0,9108387
Thaddeus Young,35,2TM,PF,33,6,439,65,108,0.602,1,7,0.143,64,101,0.634,0.606,6,15,0.4,46,57,103,57,23,5,15,49,137,0,9010371
Thaddeus Young,35,TOR,PF,23,6,350,54,87,0.621,1,6,0.167,53,81,0.654,0.626,5,12,0.417,29,46,75,50,18,3,11,38,114,0,9010371
Thaddeus Young,35,PHO,PF,10,0,89,11,21,0.524,0,1,0,11,20,0.55,0.524,1,3,0.333,17,11,28,7,5,2,4,11,23,0,9010371
Isaac Okoro,23,CLE,SF,69,42,1887,235,480,0.49,84,215,0.391,151,265,0.57,0.577,93,137,0.679,67,139,206,132,57,34,54,140,647,0,8920794
Jaden McDaniels,23,MIN,SF,72,71,2105,307,628,0.489,86,255,0.337,221,373,0.592,0.557,57,79,0.722,56,168,224,101,63,42,87,219,757,0,3901399
Russell Westbrook,35,LAC,PG,68,11,1529,301,663,0.454,42,154,0.273,259,509,0.509,0.486,110,160,0.688,93,250,343,306,74,23,144,121,754,1,3835738
Amen Thompson,21,HOU,SF,62,23,1388,239,446,0.536,8,58,0.138,231,388,0.595,0.545,106,155,0.684,148,261,409,163,78,38,90,141,592,1,8809284
Eric Gordon,35,PHO,SG,68,24,1893,274,618,0.443,150,397,0.378,124,221,0.561,0.565,51,64,0.797,16,106,122,139,66,30,73,79,749,0,3196448
Gary Payton II,31,GSW,SG,44,0,680,103,183,0.563,20,55,0.364,83,128,0.648,0.617,14,23,0.609,46,67,113,48,39,18,27,77,240,0,8715000
Delon Wright,31,2TM,PG,47,1,742,74,188,0.394,25,68,0.368,49,120,0.408,0.46,37,45,0.822,19,67,86,119,54,11,14,32,210,0,8195122
Delon Wright,31,WAS,PG,33,0,456,48,122,0.393,14,38,0.368,34,84,0.405,0.451,24,29,0.828,13,46,59,82,35,8,11,22,134,0,8195122
Delon Wright,31,MIA,PG,14,1,286,26,66,0.394,11,30,0.367,15,36,0.417,0.477,13,16,0.813,6,21,27,37,19,3,3,10,76,0,8195122
Onyeka Okongwu,23,ATL,C,55,8,1405,223,365,0.611,23,69,0.333,200,296,0.676,0.642,92,116,0.793,145,231,376,74,26,60,45,162,561,0,8109063
Trey Lyles,28,SAC,PF,58,0,1158,143,321,0.445,84,219,0.384,59,102,0.578,0.576,49,70,0.7,61,196,257,72,17,19,38,86,419,0,8000000
De'Anthony Melton,25,PHI,SG,38,33,1023,139,360,0.386,77,214,0.36,62,146,0.425,0.493,66,79,0.835,28,113,141,114,60,16,39,84,421,0,8000000
Sam Hauser,26,BOS,SF,79,13,1741,249,558,0.446,197,465,0.424,52,93,0.559,0.623,17,19,0.895,45,231,276,82,40,25,32,99,712,0,1927896
Jeff Green,37,HOU,PF,78,6,1307,167,366,0.456,53,160,0.331,114,206,0.553,0.529,122,149,0.819,46,132,178,70,16,31,46,100,509,0,8000000
Taurean Prince,29,LAL,PF,78,49,2108,253,572,0.442,141,356,0.396,112,216,0.519,0.566,50,68,0.735,21,209,230,119,58,35,73,146,697,0,4516000
Jock Landale,28,HOU,C,56,3,763,106,206,0.515,10,40,0.25,96,166,0.578,0.539,52,65,0.8,88,84,172,65,20,33,31,74,274,0,8000000
Simone Fontecchio,28,2TM,SF,66,43,1644,252,548,0.46,134,334,0.401,118,214,0.551,0.582,54,66,0.818,64,182,246,101,44,23,68,110,692,0,3044872
Simone Fontecchio,28,UTA,SF,50,34,1160,161,358,0.45,91,233,0.391,70,125,0.56,0.577,32,40,0.8,52,124,176,73,30,18,51,81,445,0,3044872
Simone Fontecchio,28,DET,SF,16,9,484,91,190,0.479,43,101,0.426,48,89,0.539,0.592,22,26,0.846,12,58,70,28,14,5,17,29,247,0,3044872
Ausar Thompson,21,DET,SF,63,38,1583,232,480,0.483,21,113,0.186,211,367,0.575,0.505,71,119,0.597,129,273,402,120,68,59,84,175,556,0,7977420
Danilo Gallinari,35,3TM,SF,49,0,630,83,190,0.437,30,93,0.323,53,97,0.546,0.516,84,98,0.857,20,88,108,55,14,6,23,50,280,0,7850062
Danilo Gallinari,35,WAS,PF,26,0,385,57,131,0.435,20,64,0.313,37,67,0.552,0.511,47,56,0.839,12,64,76,31,6,3,12,26,181,0,7850062
Danilo Gallinari,35,DET,SF,6,0,90,12,22,0.545,7,12,0.583,5,10,0.5,0.705,21,24,0.875,2,12,14,12,2,2,1,9,52,0,7850062
Danilo Gallinari,35,MIL,SF,17,0,155,14,37,0.378,3,17,0.176,11,20,0.55,0.419,16,18,0.889,6,12,18,12,6,1,10,15,47,0,7850062
Malaki Branham,20,SAS,PG,75,29,1594,271,628,0.432,93,268,0.347,178,360,0.494,0.506,55,63,0.873,28,120,148,156,27,8,91,94,690,0,3071880
Paul Reed,24,PHI,C,82,24,1590,259,480,0.54,21,57,0.368,238,423,0.563,0.561,61,85,0.718,193,295,488,109,67,84,67,198,600,0,7723000
Vasilije Micic,30,2TM,PG,60,21,1176,159,370,0.43,43,154,0.279,116,216,0.537,0.488,61,75,0.813,14,74,88,262,31,7,99,68,422,0,7723000
Vasilije Micic,30,OKC,PG,30,0,361,37,91,0.407,11,45,0.244,26,46,0.565,0.467,14,19,0.737,1,23,24,76,9,3,29,22,99,0,7723000
Vasilije Micic,30,CHO,PG,30,21,815,122,279,0.437,32,109,0.294,90,170,0.529,0.495,47,56,0.839,13,51,64,186,22,4,70,46,323,0,7723000
Brandin Podziemski,20,GSW,SG,74,28,1968,271,597,0.454,90,234,0.385,181,363,0.499,0.529,50,79,0.633,118,309,427,273,61,14,88,122,682,0,3352404
Cody Martin,28,CHO,SF,28,22,753,82,215,0.381,27,86,0.314,55,129,0.426,0.444,20,33,0.606,19,90,109,104,32,18,44,48,211,0,7560000
Andre Drummond,30,CHI,C,79,10,1351,267,480,0.556,0,3,0,267,477,0.56,0.556,129,218,0.592,265,443,708,37,73,48,81,140,663,0,3360000
Kevon Looney,27,GSW,C,74,36,1195,139,233,0.597,0,1,0,139,232,0.599,0.597,56,83,0.675,143,276,419,133,28,29,50,155,334,0,7500000
Killian Hayes,22,DET,PG,42,31,1008,117,283,0.413,22,74,0.297,95,209,0.455,0.452,33,50,0.66,11,108,119,205,36,20,51,75,289,0,7413955
Nickeil Alexander-Walker,25,MIN,SG,82,20,1921,236,538,0.439,131,335,0.391,105,203,0.517,0.56,52,65,0.8,35,132,167,204,64,42,76,143,655,0,4687500
Anthony Black,20,ORL,PG,69,33,1164,115,247,0.466,37,94,0.394,78,153,0.51,0.54,49,80,0.613,33,106,139,91,35,21,56,110,316,0,7245480
Jae'Sean Tate,28,HOU,SF,65,9,1031,108,229,0.472,23,77,0.299,85,152,0.559,0.522,26,39,0.667,61,136,197,64,42,15,37,137,265,0,7000000
Caleb Martin,28,MIA,SF,64,23,1756,241,559,0.431,81,232,0.349,160,327,0.489,0.504,77,99,0.778,74,207,281,143,47,29,77,126,640,0,6802950
Jabari Walker,21,POR,SF,72,23,1700,234,509,0.46,41,139,0.295,193,370,0.522,0.5,129,171,0.754,151,357,508,71,42,22,66,173,638,0,1719864
Isaiah Joe,24,OKC,SG,78,1,1445,222,485,0.458,147,353,0.416,75,132,0.568,0.609,45,52,0.865,32,148,180,99,46,22,47,87,636,0,1997238
Cedi Osman,28,SAS,SF,72,3,1269,184,384,0.479,86,221,0.389,98,163,0.601,0.591,35,52,0.673,25,155,180,119,36,11,47,107,489,0,6718842
Andrew Nembhard,24,IND,PG,68,47,1697,260,522,0.498,61,171,0.357,199,351,0.567,0.557,45,56,0.804,36,105,141,280,63,6,101,143,626,0,2131905
Bilal Coulibaly,19,WAS,SF,63,15,1715,188,432,0.435,64,185,0.346,124,247,0.502,0.509,92,131,0.702,56,200,256,110,57,48,87,137,532,0,6614256
Duop Reath,27,POR,C,68,20,1214,230,499,0.461,88,245,0.359,142,254,0.559,0.549,69,93,0.742,93,157,250,67,33,38,52,161,617,0,1951220
Sasha Vezenkov,28,SAC,PF,42,0,511,84,191,0.44,45,120,0.375,39,71,0.549,0.558,12,15,0.8,30,66,96,19,20,7,12,42,225,0,6341464
Shaedon Sharpe,20,POR,SG,32,25,1059,176,434,0.406,60,180,0.333,116,254,0.457,0.475,98,119,0.824,42,118,160,94,28,12,72,88,510,0,6313800
Jalen Smith,23,IND,C,61,14,1047,234,395,0.592,61,144,0.424,173,251,0.689,0.67,72,104,0.692,112,225,337,63,17,38,44,124,601,0,5043773
Christian Braun,22,DEN,SG,82,4,1655,222,483,0.46,63,164,0.384,159,319,0.498,0.525,93,134,0.694,79,227,306,132,42,35,55,137,600,0,2949120
Nassir Little,23,PHO,SF,45,2,458,57,124,0.46,21,70,0.3,36,54,0.667,0.544,17,20,0.85,14,61,75,21,10,10,14,39,152,0,6250000
Bismack Biyombo,31,2TM,C,40,27,791,74,131,0.565,0,0,0,74,131,0.565,0.565,26,54,0.481,62,147,209,53,11,37,42,89,174,0,6194075
Bismack Biyombo,31,MEM,C,30,27,718,67,119,0.563,0,0,0,67,119,0.563,0.563,22,46,0.478,57,134,191,51,10,34,38,82,156,0,6194075
Bismack Biyombo,31,OKC,C,10,0,73,7,12,0.583,0,0,0,7,12,0.583,0.583,4,8,0.5,5,13,18,2,1,3,4,7,18,0,6194075
Jevon Carter,28,CHI,PG,72,0,1004,138,365,0.378,77,234,0.329,61,131,0.466,0.484,4,7,0.571,11,49,60,94,37,16,36,71,357,0,6190476
Marcus Sasser,23,DET,PG,71,11,1351,219,512,0.428,90,240,0.375,129,272,0.474,0.516,58,66,0.879,11,114,125,236,44,12,90,103,586,0,2624028
Kenrich Williams,29,OKC,PF,69,1,1029,131,280,0.468,56,141,0.397,75,139,0.54,0.568,7,14,0.5,61,148,209,93,38,9,32,101,325,0,6175000
Jarace Walker,20,IND,PF,33,0,340,45,110,0.409,22,55,0.4,23,55,0.418,0.509,8,9,0.889,12,51,63,40,15,11,17,29,120,0,6059460
Dyson Daniels,20,NOP,PG,61,16,1358,139,311,0.447,42,135,0.311,97,176,0.551,0.514,34,53,0.642,62,174,236,164,85,25,59,101,354,0,5784120
Dean Wade,27,CLE,PF,54,32,1108,96,232,0.414,79,202,0.391,17,30,0.567,0.584,20,26,0.769,37,181,218,43,40,25,20,93,291,0,5709877
Aleksej Pokusevski,22,2TM,PF,28,0,405,49,121,0.405,18,55,0.327,31,66,0.47,0.479,30,41,0.732,17,72,89,35,15,13,19,22,146,0,5574809
Aleksej Pokusevski,22,OKC,PF,10,0,60,4,16,0.25,2,11,0.182,2,5,0.4,0.313,2,4,0.5,2,8,10,5,1,1,3,5,12,0,5574809
Aleksej Pokusevski,22,CHO,PF,18,0,345,45,105,0.429,16,44,0.364,29,61,0.475,0.505,28,37,0.757,15,64,79,30,14,12,16,17,134,0,5574809
Taylor Hendricks,20,UTA,PF,40,23,856,108,240,0.45,53,140,0.379,55,100,0.55,0.56,23,29,0.793,46,139,185,32,28,30,27,77,292,0,5569872
Precious Achiuwa,24,2TM,PF,74,18,1624,235,469,0.501,26,97,0.268,209,372,0.562,0.529,69,112,0.616,191,296,487,97,46,68,83,143,565,0,4379526
Precious Achiuwa,24,TOR,C,25,0,437,78,170,0.459,13,47,0.277,65,123,0.528,0.497,24,42,0.571,50,86,136,44,16,12,29,40,193,0,4379526
Precious Achiuwa,24,NYK,PF,49,18,1187,157,299,0.525,13,50,0.26,144,249,0.578,0.547,45,70,0.643,141,210,351,53,30,56,54,103,372,0,4379526
Shake Milton,27,3TM,SG,48,0,581,79,195,0.405,18,64,0.281,61,131,0.466,0.451,40,49,0.816,14,61,75,60,19,6,31,54,216,0,5552938
Shake Milton,27,MIN,SG,38,0,491,64,160,0.4,14,53,0.264,50,107,0.467,0.444,36,44,0.818,7,44,51,50,16,5,28,44,178,0,5552938
Shake Milton,27,DET,SG,4,0,63,11,26,0.423,3,9,0.333,8,17,0.471,0.481,2,3,0.667,7,11,18,6,2,1,3,3,27,0,5552938
Shake Milton,27,NYK,SG,6,0,27,4,9,0.444,1,2,0.5,3,7,0.429,0.5,2,2,1,0,6,6,4,1,0,0,7,11,0,5552938
JaVale McGee,36,SAC,C,46,0,339,79,132,0.598,1,7,0.143,78,125,0.624,0.602,26,45,0.578,42,84,126,17,14,20,34,46,185,0,5544772
Miles McBride,23,NYK,PG,68,14,1328,205,454,0.452,109,266,0.41,96,188,0.511,0.572,43,50,0.86,31,69,100,114,50,7,30,108,562,0,1836096
Furkan Korkmaz,26,PHI,SG,35,0,300,30,76,0.395,14,40,0.35,16,36,0.444,0.487,14,20,0.7,4,26,30,25,14,3,10,17,88,0,5370370
Cason Wallace,20,OKC,SG,82,13,1692,217,442,0.491,98,234,0.419,119,208,0.572,0.602,29,37,0.784,52,135,187,120,76,37,45,129,561,0,5291352
Dalano Banton,24,2TM,PG,54,9,1047,202,500,0.404,59,199,0.296,143,301,0.475,0.463,94,120,0.783,41,137,178,127,33,20,77,64,557,0,2019706
Dalano Banton,24,BOS,PG,24,1,171,19,51,0.373,2,16,0.125,17,35,0.486,0.392,16,20,0.8,12,23,35,19,5,3,10,20,56,0,2019706
Dalano Banton,24,POR,PG,30,8,876,183,449,0.408,57,183,0.311,126,266,0.474,0.471,78,100,0.78,29,114,143,108,28,17,67,44,501,0,2019706
Isaiah Stewart,22,DET,PF,46,45,1423,186,382,0.487,67,175,0.383,119,207,0.575,0.575,64,85,0.753,74,231,305,73,17,38,66,99,503,0,5266713
Chuma Okeke,25,ORL,SF,47,8,432,40,112,0.357,23,82,0.28,17,30,0.567,0.46,4,7,0.571,18,62,80,20,9,7,16,19,107,0,5266712
Davion Mitchell,25,SAC,PG,72,4,1101,146,323,0.452,57,158,0.361,89,165,0.539,0.54,30,42,0.714,19,76,95,134,17,3,43,85,379,0,5063640
Johnny Davis,21,WAS,SG,50,6,613,62,154,0.403,14,40,0.35,48,114,0.421,0.448,14,24,0.583,18,54,72,32,18,10,13,57,152,0,5050800
Aaron Wiggins,25,OKC,SG,78,4,1228,212,377,0.562,62,126,0.492,150,251,0.598,0.645,56,71,0.789,60,126,186,86,56,19,56,91,542,0,1836096
Trayce Jackson-Davis,23,GSW,PF,68,16,1130,233,332,0.702,0,1,0,233,331,0.704,0.702,74,132,0.561,135,206,341,82,29,76,49,108,540,0,1119563
Moses Moody,21,GSW,SG,66,9,1156,194,420,0.462,72,200,0.36,122,220,0.555,0.548,73,93,0.785,65,131,196,57,42,24,44,90,533,0,3918480
Mason Plumlee,33,LAC,C,46,11,674,87,153,0.569,0,6,0,87,147,0.592,0.569,70,99,0.707,60,174,234,55,14,17,36,68,244,0,5000000
Ziaire Williams,22,MEM,SF,51,15,1038,150,378,0.397,58,189,0.307,92,189,0.487,0.474,62,75,0.827,35,145,180,75,36,9,66,85,420,0,4810200
Peyton Watson,21,DEN,SF,80,4,1488,208,447,0.465,45,152,0.296,163,295,0.553,0.516,71,106,0.67,56,202,258,86,42,88,58,143,532,0,2303520
Ousmane Dieng,20,OKC,PF,33,0,365,49,116,0.422,21,70,0.3,28,46,0.609,0.513,14,16,0.875,10,41,51,37,8,5,19,22,133,0,4798440
Jaden Hardy,21,DAL,SG,73,7,989,195,479,0.407,81,224,0.362,114,255,0.447,0.492,59,76,0.776,20,111,131,109,22,4,62,80,530,0,1719864
Toumani Camara,23,POR,PF,70,49,1739,197,438,0.45,58,172,0.337,139,266,0.523,0.516,75,99,0.758,139,204,343,87,66,33,84,174,527,0,1119563
Josh Green,23,DAL,SG,57,33,1505,179,374,0.479,72,187,0.385,107,187,0.572,0.575,39,57,0.684,40,144,184,130,47,9,60,107,469,0,4765339
Jordan Hawkins,21,NOP,SG,67,10,1160,174,456,0.382,109,298,0.366,65,158,0.411,0.501,67,80,0.838,29,119,148,70,19,7,40,72,524,0,4310196
Jarred Vanderbilt,24,LAL,PF,29,6,581,59,114,0.518,8,27,0.296,51,87,0.586,0.553,24,36,0.667,41,97,138,36,36,5,28,43,150,0,4640000
Walker Kessler,22,UTA,C,64,22,1493,229,350,0.654,4,19,0.211,225,331,0.68,0.66,56,93,0.602,165,316,481,60,30,154,66,132,518,0,2831160
James Bouknight,23,CHO,SG,14,0,81,18,41,0.439,13,30,0.433,5,11,0.455,0.598,1,2,0.5,1,8,9,6,1,1,2,3,50,0,4570080
Dario Saric,29,GSW,C,64,9,1098,181,388,0.466,74,197,0.376,107,191,0.56,0.562,79,93,0.849,73,210,283,144,31,10,78,112,515,0,2709849
Aaron Holiday,27,HOU,PG,78,1,1269,186,417,0.446,84,217,0.387,102,200,0.51,0.547,58,63,0.921,23,100,123,140,42,6,53,125,514,0,2346614
Gradey Dick,20,TOR,SG,60,17,1268,189,445,0.425,88,241,0.365,101,204,0.495,0.524,44,51,0.863,27,105,132,68,34,2,50,87,510,0,4536708
Jalen McDaniels,26,TOR,SF,50,1,538,65,189,0.344,12,71,0.169,53,118,0.449,0.376,27,37,0.73,18,61,79,37,19,6,30,52,169,0,4516000
Julian Champagnie,22,SAS,SF,74,59,1468,164,402,0.408,101,277,0.365,63,125,0.504,0.534,75,92,0.815,42,164,206,103,48,42,57,77,504,0,3000000
Mike Muscala,32,3TM,C,53,6,600,56,156,0.359,28,96,0.292,28,60,0.467,0.449,17,25,0.68,39,86,125,36,9,13,22,52,157,0,4308297
Mike Muscala,32,WAS,C,24,2,338,33,90,0.367,14,51,0.275,19,39,0.487,0.444,15,20,0.75,22,53,75,22,5,7,16,31,95,0,4308297
Mike Muscala,32,DET,C,13,4,171,15,44,0.341,13,34,0.382,2,10,0.2,0.489,2,4,0.5,10,19,29,10,3,5,2,13,45,0,4308297
Mike Muscala,32,OKC,C,16,0,91,8,22,0.364,1,11,0.091,7,11,0.636,0.386,0,1,0,7,14,21,4,1,1,4,8,17,0,4308297
Zeke Nnaji,23,DEN,PF,58,0,576,69,149,0.463,6,23,0.261,63,126,0.5,0.483,42,62,0.677,61,65,126,32,15,38,27,81,186,0,4306281
Chris Duarte,26,SAC,SF,59,11,719,80,210,0.381,44,127,0.346,36,83,0.434,0.486,26,33,0.788,26,80,106,44,28,8,26,80,230,0,4124400
Ochai Agbaji,23,2TM,SG,78,28,1641,178,433,0.411,62,211,0.294,116,222,0.523,0.483,37,56,0.661,74,142,216,83,47,44,64,117,455,0,4114200
Ochai Agbaji,23,UTA,SG,51,10,1003,106,249,0.426,47,142,0.331,59,107,0.551,0.52,15,20,0.75,35,91,126,47,27,29,34,66,274,0,4114200
Ochai Agbaji,23,TOR,SG,27,18,638,72,184,0.391,15,69,0.217,57,115,0.496,0.432,22,36,0.611,39,51,90,36,20,15,30,51,181,0,4114200
Kobe Bufkin,20,ATL,SG,17,0,196,34,92,0.37,9,40,0.225,25,52,0.481,0.418,4,8,0.5,6,27,33,27,7,5,10,20,81,0,4094244
Kevin Love,35,MIA,PF,55,5,924,158,359,0.44,84,244,0.344,74,115,0.643,0.557,85,108,0.787,59,279,338,115,18,10,48,97,485,0,3835738
Sam Merrill,27,CLE,SG,61,1,1069,158,393,0.402,143,354,0.404,15,39,0.385,0.584,26,28,0.929,22,98,120,108,19,4,19,72,485,0,1997238
Dwight Powell,32,DAL,C,63,9,836,72,106,0.679,1,3,0.333,71,103,0.689,0.684,63,89,0.708,97,117,214,84,26,20,32,113,208,0,4000000
Seth Curry,33,2TM,SG,44,4,616,80,204,0.392,38,108,0.352,42,96,0.438,0.485,28,31,0.903,18,50,68,44,22,6,21,39,226,0,4000000
Seth Curry,33,DAL,SG,36,3,457,54,145,0.372,29,80,0.363,25,65,0.385,0.472,17,19,0.895,15,37,52,30,17,3,16,32,154,0,4000000
Seth Curry,33,CHO,SG,8,1,159,26,59,0.441,9,28,0.321,17,31,0.548,0.517,11,12,0.917,3,13,16,14,5,3,5,7,72,0,4000000
Mark Williams,22,CHO,C,19,19,508,98,151,0.649,0,0,0,98,151,0.649,0.649,46,64,0.719,76,108,184,22,16,20,17,50,242,0,3908160
Naji Marshall,26,NOP,SF,66,1,1257,170,367,0.463,58,150,0.387,112,217,0.516,0.542,68,86,0.791,53,187,240,128,49,12,65,91,466,0,1930681
Amir Coffey,26,LAC,SF,70,13,1460,166,352,0.472,70,184,0.38,96,168,0.571,0.571,61,71,0.859,29,119,148,76,41,14,33,102,463,0,3666667
Malachi Flynn,25,3TM,PG,69,0,876,136,325,0.418,56,169,0.331,80,156,0.513,0.505,52,71,0.732,21,93,114,130,38,8,63,66,380,0,3873024
Malachi Flynn,25,TOR,PG,31,0,474,56,137,0.409,28,80,0.35,28,57,0.491,0.511,17,22,0.773,13,52,65,73,18,6,33,42,157,0,3873024
Malachi Flynn,25,NYK,PG,14,0,60,9,23,0.391,4,13,0.308,5,10,0.5,0.478,9,11,0.818,0,6,6,6,1,0,3,3,31,0,3873024
Malachi Flynn,25,DET,PG,24,0,342,71,165,0.43,24,76,0.316,47,89,0.528,0.503,26,38,0.684,8,35,43,51,19,2,27,21,192,0,3873024
Patrick Beverley,35,2TM,PG,73,13,1462,158,379,0.417,61,181,0.337,97,198,0.49,0.497,74,90,0.822,49,190,239,212,43,31,65,128,451,0,3196448
Patrick Beverley,35,PHI,PG,47,5,919,104,241,0.432,35,109,0.321,69,132,0.523,0.504,51,63,0.81,30,115,145,144,24,18,49,83,294,0,3196448
Patrick Beverley,35,MIL,PG,26,8,543,54,138,0.391,26,72,0.361,28,66,0.424,0.486,23,27,0.852,19,75,94,68,19,13,16,45,157,0,3196448
Trendon Watford,23,BRK,PF,63,2,856,164,311,0.527,27,68,0.397,137,243,0.564,0.571,77,97,0.794,52,142,194,81,23,19,63,106,432,0,2019706
AJ Griffin,20,ATL,SF,20,0,171,18,62,0.29,10,39,0.256,8,23,0.348,0.371,2,2,1,2,16,18,5,1,2,8,6,48,0,3712920
Dante Exum,28,DAL,PG,55,17,1088,161,302,0.533,53,108,0.491,108,194,0.557,0.621,53,68,0.779,25,124,149,157,22,5,49,85,428,0,3000000
Tari Eason,22,HOU,PF,22,0,480,88,189,0.466,18,50,0.36,70,139,0.504,0.513,21,33,0.636,46,107,153,27,31,19,20,51,215,0,3527160
Josh Richardson,30,MIA,SG,43,6,1103,154,347,0.444,66,190,0.347,88,157,0.561,0.539,51,54,0.944,18,103,121,105,24,14,36,76,425,0,2891467
David Roddy,22,2TM,PF,65,13,1177,165,409,0.403,48,164,0.293,117,245,0.478,0.462,47,68,0.691,53,158,211,80,27,11,57,72,425,0,2718240
David Roddy,22,MEM,PF,48,13,1114,155,386,0.402,47,156,0.301,108,230,0.47,0.462,46,67,0.687,51,149,200,76,25,11,54,68,403,0,2718240
David Roddy,22,PHO,PF,17,0,63,10,23,0.435,1,8,0.125,9,15,0.6,0.457,1,1,1,2,9,11,4,2,0,3,4,22,0,2718240
Dalen Terry,21,CHI,SG,59,2,681,69,157,0.439,17,74,0.23,52,83,0.627,0.494,25,43,0.581,29,84,113,81,27,18,32,81,180,0,3350760
Jake LaRavia,22,MEM,PF,35,6,806,118,303,0.389,53,156,0.34,65,147,0.442,0.477,90,109,0.826,51,77,128,58,29,12,45,69,379,0,3199920
Garrett Temple,37,TOR,SG,27,2,289,29,78,0.372,12,40,0.3,17,38,0.447,0.449,18,22,0.818,18,27,45,28,12,3,14,28,88,0,3196448
Day'Ron Sharpe,22,BRK,C,61,1,921,168,294,0.571,4,15,0.267,164,279,0.588,0.578,75,123,0.61,161,228,389,85,24,44,70,131,415,0,2210040
Haywood Highsmith,27,MIA,PF,66,26,1366,153,329,0.465,76,192,0.396,77,137,0.562,0.581,23,36,0.639,65,145,210,70,53,30,34,117,405,0,1902137
Alex Len,30,SAC,C,48,0,444,50,81,0.617,0,3,0,50,78,0.641,0.617,20,34,0.588,46,82,128,50,11,33,27,66,120,0,3196448
Jose Alvarado,25,NOP,PG,56,0,1028,142,345,0.412,78,207,0.377,64,138,0.464,0.525,35,52,0.673,25,103,128,117,59,15,40,89,397,0,1836096
Cody Zeller,31,NOP,C,43,0,320,26,62,0.419,1,3,0.333,25,59,0.424,0.427,23,38,0.605,48,64,112,39,9,5,16,45,76,0,3196448
Isaiah Jackson,22,IND,C,59,3,771,155,233,0.665,0,4,0,155,229,0.677,0.665,73,102,0.716,94,144,238,50,34,61,39,137,383,0,2696280
Tre Mann,22,2TM,PG,41,28,987,145,316,0.459,47,126,0.373,98,190,0.516,0.533,45,59,0.763,20,129,149,165,51,3,65,48,382,0,3191400
Tre Mann,22,OKC,PG,13,0,119,20,40,0.5,8,19,0.421,12,21,0.571,0.6,1,1,1,4,20,24,20,3,0,9,3,49,0,3191400
Tre Mann,22,CHO,PG,28,28,868,125,276,0.453,39,107,0.364,86,169,0.509,0.524,44,58,0.759,16,109,125,145,48,3,56,45,333,0,3191400
Jae Crowder,33,MIL,PF,50,25,1156,114,270,0.422,58,166,0.349,56,104,0.538,0.53,26,36,0.722,31,130,161,66,38,9,23,74,312,0,3196448
Derrick Rose,35,MEM,PG,24,7,399,76,165,0.461,15,41,0.366,61,124,0.492,0.506,24,27,0.889,7,38,45,78,8,2,31,21,191,0,3196448
Cory Joseph,32,GSW,PG,26,0,296,23,64,0.359,13,42,0.31,10,22,0.455,0.461,4,7,0.571,6,24,30,42,4,3,12,25,63,0,3196448
DeAndre Jordan,35,DEN,C,36,2,396,58,93,0.624,0,0,0,58,93,0.624,0.624,26,53,0.491,54,103,157,26,6,16,23,56,142,0,3196448
Justin Holiday,34,DEN,SG,58,9,862,88,194,0.454,55,136,0.404,33,58,0.569,0.595,3,4,0.75,9,62,71,67,36,9,14,69,234,0,3196448
Markieff Morris,34,DAL,PF,26,1,216,23,68,0.338,15,42,0.357,8,26,0.308,0.449,5,6,0.833,4,35,39,16,5,3,12,12,66,0,3196448
Tristan Thompson,32,CLE,C,49,0,549,73,120,0.608,0,1,0,73,119,0.613,0.608,15,52,0.288,73,101,174,51,12,14,29,59,161,0,3196448
Drew Eubanks,26,PHO,C,75,6,1169,152,253,0.601,3,3,1,149,250,0.596,0.607,72,93,0.774,103,219,322,63,27,61,61,115,379,0,2346614
Wesley Matthews,37,ATL,SG,36,3,413,34,97,0.351,24,69,0.348,10,28,0.357,0.474,18,24,0.75,9,44,53,23,16,11,8,43,110,0,3196448
Kris Murray,23,POR,SF,62,29,1348,145,366,0.396,49,183,0.268,96,183,0.525,0.463,37,56,0.661,85,139,224,80,53,21,55,92,376,0,2847504
Noah Clowney,19,BRK,PF,23,4,370,50,93,0.538,12,33,0.364,38,60,0.633,0.602,21,30,0.7,26,55,81,18,8,16,15,25,133,0,3089460
Jordan Nwora,25,2TM,SF,52,1,712,138,299,0.462,44,131,0.336,94,168,0.56,0.535,44,53,0.83,28,121,149,62,26,13,53,48,364,0,3000000
Jordan Nwora,25,IND,SF,18,0,183,37,82,0.451,11,36,0.306,26,46,0.565,0.518,9,11,0.818,8,25,33,18,6,1,12,19,94,0,3000000
Jordan Nwora,25,TOR,SF,34,1,529,101,217,0.465,33,95,0.347,68,122,0.557,0.541,35,42,0.833,20,96,116,44,20,12,41,29,270,0,3000000
Jordan Goodwin,25,2TM,PG,57,12,1055,141,382,0.369,42,141,0.298,99,241,0.411,0.424,44,59,0.746,88,165,253,155,48,18,56,76,368,0,2208045
Jordan Goodwin,25,PHO,PG,40,0,558,75,193,0.389,23,80,0.288,52,113,0.46,0.448,25,29,0.862,40,77,117,78,23,9,29,43,198,0,2208045
Jordan Goodwin,25,MEM,PG,17,12,497,66,189,0.349,19,61,0.311,47,128,0.367,0.399,19,30,0.633,48,88,136,77,25,9,27,33,170,0,2208045
Quentin Grimes,23,2TM,SG,51,18,1025,122,328,0.372,81,240,0.338,41,88,0.466,0.495,34,45,0.756,15,85,100,66,35,7,28,75,359,0,2385720
Quentin Grimes,23,NYK,SG,45,18,910,113,286,0.395,77,212,0.363,36,74,0.486,0.53,24,34,0.706,14,74,88,52,30,3,21,66,327,0,2385720
Quentin Grimes,23,DET,SG,6,0,115,9,42,0.214,4,28,0.143,5,14,0.357,0.262,10,11,0.909,1,11,12,14,5,4,7,9,32,0,2385720
Boban Marjanovic,35,HOU,C,14,0,71,18,34,0.529,0,2,0,18,32,0.563,0.529,9,14,0.643,7,25,32,6,1,2,5,5,45,0,2891467
Kris Dunn,29,UTA,PG,66,32,1249,147,313,0.47,41,111,0.369,106,202,0.525,0.535,22,32,0.688,50,139,189,254,68,28,79,135,357,0,2586484
Josh Okogie,25,PHO,SG,60,11,960,86,206,0.417,29,94,0.309,57,112,0.509,0.488,76,102,0.745,74,80,154,64,48,24,36,68,277,0,2815937
Omer Yurtseven,25,UTA,C,48,12,545,99,184,0.538,5,24,0.208,94,160,0.588,0.552,19,28,0.679,72,136,208,29,8,18,37,52,222,0,2800000
Nikola Jovic,20,MIA,PF,46,38,896,127,281,0.452,65,163,0.399,62,118,0.525,0.568,33,47,0.702,25,167,192,90,25,14,42,82,352,0,2352000
Olivier-Maxence Prosper,21,DAL,PF,40,1,336,40,104,0.385,13,45,0.289,27,59,0.458,0.447,28,41,0.683,25,54,79,22,7,4,8,20,121,0,2733720
Christian Wood,28,LAL,PF,50,1,872,123,264,0.466,35,114,0.307,88,150,0.587,0.532,66,94,0.702,39,215,254,49,16,33,50,72,347,0,2709849
Luke Kornet,28,BOS,C,63,7,983,142,203,0.7,1,1,1,141,202,0.698,0.702,49,54,0.907,118,143,261,67,23,61,21,77,334,0,2413304
Chimezie Metu,26,2TM,C,51,12,859,123,244,0.504,28,94,0.298,95,150,0.633,0.561,58,64,0.906,41,153,194,46,43,16,52,71,332,0,2697258
Chimezie Metu,26,PHO,C,37,5,448,66,130,0.508,15,51,0.294,51,79,0.646,0.565,38,43,0.884,24,86,110,19,19,9,27,39,185,0,2697258
Chimezie Metu,26,DET,C,14,7,411,57,114,0.5,13,43,0.302,44,71,0.62,0.557,20,21,0.952,17,67,84,27,24,7,25,32,147,0,2697258
MarJon Beauchamp,23,MIL,SF,48,1,608,81,166,0.488,30,75,0.4,51,91,0.56,0.578,19,28,0.679,22,77,99,31,13,7,27,54,211,0,2609400
Charles Bassey,23,SAS,C,19,0,205,29,40,0.725,0,1,0,29,39,0.744,0.725,5,6,0.833,23,53,76,21,8,17,15,31,63,0,2600000
Garrison Mathews,27,ATL,SG,66,5,992,103,226,0.456,85,193,0.44,18,33,0.545,0.644,34,42,0.81,17,75,92,37,20,8,19,115,325,0,2000000
Damian Jones,28,CLE,C,39,0,270,43,72,0.597,3,14,0.214,40,58,0.69,0.618,18,21,0.857,20,42,62,15,7,13,13,27,107,0,2586665
Bruno Fernando,25,ATL,C,45,2,682,109,187,0.583,0,4,0,109,183,0.596,0.583,64,96,0.667,59,134,193,46,25,28,44,107,282,0,2581522
Jeremiah Robinson-Earl,23,NOP,PF,39,1,334,45,95,0.474,13,39,0.333,32,56,0.571,0.542,12,16,0.75,23,53,76,21,10,4,16,24,115,0,2548843
Ben Sheppard,22,IND,SG,57,1,814,90,229,0.393,49,156,0.314,41,73,0.562,0.5,23,26,0.885,15,74,89,53,33,2,15,88,252,0,2537172
Thomas Bryant,26,MIA,C,38,4,441,86,149,0.577,4,22,0.182,82,127,0.646,0.591,41,47,0.872,40,101,141,23,10,16,21,46,217,0,2528233
Torrey Craig,33,CHI,SF,53,14,1049,108,251,0.43,60,153,0.392,48,98,0.49,0.55,27,36,0.75,69,148,217,58,30,21,32,110,303,0,2528233
Goga Bitadze,24,ORL,C,62,33,957,126,209,0.603,2,14,0.143,124,195,0.636,0.608,57,87,0.655,109,177,286,79,32,72,44,107,311,0,2066585
Keon Ellis,24,SAC,SG,57,21,978,107,232,0.461,70,168,0.417,37,64,0.578,0.612,26,35,0.743,32,92,124,85,51,29,37,112,310,0,683430
Blake Wesley,20,SAS,SG,61,3,876,102,215,0.474,12,55,0.218,90,160,0.563,0.502,52,78,0.667,18,76,94,166,29,9,55,89,268,0,2504640
Lamar Stevens,26,2TM,PF,38,3,559,108,240,0.45,14,46,0.304,94,194,0.485,0.479,42,54,0.778,36,91,127,28,23,22,24,45,272,0,2492354
Lamar Stevens,26,BOS,PF,19,1,122,21,45,0.467,3,8,0.375,18,37,0.486,0.5,8,11,0.727,12,19,31,8,6,5,9,14,53,0,2492354
Lamar Stevens,26,MEM,PF,19,2,437,87,195,0.446,11,38,0.289,76,157,0.484,0.474,34,43,0.791,24,72,96,20,17,17,15,31,219,0,2492354
Jaxson Hayes,23,LAL,C,70,5,877,126,175,0.72,0,8,0,126,167,0.754,0.72,51,82,0.622,69,142,211,33,34,29,43,123,303,0,2165000
Bryce McGowens,21,CHO,SG,59,14,882,101,230,0.439,34,102,0.333,67,128,0.523,0.513,66,85,0.776,17,85,102,51,21,10,30,74,302,0,1719864
Brice Sensabaugh,20,UTA,SF,32,11,584,85,218,0.39,34,115,0.296,51,103,0.495,0.468,37,41,0.902,16,86,102,55,13,6,47,43,241,0,2448600
Julian Strawther,21,DEN,SF,50,0,545,82,222,0.369,41,138,0.297,41,84,0.488,0.462,22,31,0.71,5,56,61,47,17,7,23,54,227,0,2431044
Tristan Vukcevic,20,WAS,C,10,4,153,29,67,0.433,10,36,0.278,19,31,0.613,0.507,17,22,0.773,6,30,36,13,5,7,10,28,85,0,2424892
Jordan McLaughlin,27,MIN,PG,56,0,626,70,145,0.483,42,89,0.472,28,56,0.5,0.628,13,18,0.722,18,54,72,110,35,7,19,31,195,0,2420000
Kobe Brown,24,LAC,PF,44,0,394,37,90,0.411,14,48,0.292,23,42,0.548,0.489,1,2,0.5,20,42,62,25,12,6,9,49,89,0,2413356
John Konchar,27,MEM,SF,55,23,1173,88,208,0.423,38,120,0.317,50,88,0.568,0.514,21,25,0.84,72,185,257,110,51,51,46,76,235,0,2400000
Max Christie,20,LAL,SG,67,7,944,103,241,0.427,42,118,0.356,61,123,0.496,0.515,36,46,0.783,15,127,142,60,20,17,35,57,284,0,1719864
Mo Bamba,25,PHI,C,57,17,740,97,198,0.49,25,64,0.391,72,134,0.537,0.553,34,50,0.68,77,161,238,41,22,60,39,101,253,0,2346614
Yuta Watanabe,29,2TM,SF,34,0,464,41,116,0.353,25,85,0.294,16,31,0.516,0.461,10,17,0.588,11,43,54,15,12,7,19,39,117,0,2346614
Yuta Watanabe,29,PHO,SF,29,0,382,35,97,0.361,24,75,0.32,11,22,0.5,0.485,10,15,0.667,11,34,45,10,9,7,16,34,104,0,2346614
Yuta Watanabe,29,MEM,SF,5,0,82,6,19,0.316,1,10,0.1,5,9,0.556,0.342,0,2,0,0,9,9,5,3,0,3,5,13,0,2346614
Keita Bates-Diop,28,2TM,SF,53,8,665,72,166,0.434,21,69,0.304,51,97,0.526,0.497,32,42,0.762,31,79,110,38,25,22,15,35,197,0,2346614
Keita Bates-Diop,28,PHO,SF,39,8,597,64,150,0.427,20,64,0.313,44,86,0.512,0.493,26,36,0.722,30,71,101,34,22,20,13,33,174,0,2346614
Keita Bates-Diop,28,BRK,SF,14,0,68,8,16,0.5,1,5,0.2,7,11,0.636,0.531,6,6,1,1,8,9,4,3,2,2,2,23,0,2346614
Harry Giles,25,2TM,C,23,0,100,23,50,0.46,3,14,0.214,20,36,0.556,0.49,7,13,0.538,12,18,30,6,2,3,6,15,56,0,2306554
Harry Giles,25,BRK,C,16,0,81,22,44,0.5,3,11,0.273,19,33,0.576,0.534,7,13,0.538,12,14,26,6,1,3,6,15,54,0,2306554
Harry Giles,25,LAL,C,7,0,19,1,6,0.167,0,3,0,1,3,0.333,0.167,0,0,0,0,4,4,0,1,0,0,0,2,0,2306554
Jaylin Williams,21,OKC,C,69,1,897,95,228,0.417,53,144,0.368,42,84,0.5,0.533,33,41,0.805,36,198,234,110,28,27,34,98,276,0,2000000
Bones Hyland,23,LAC,PG,37,5,540,97,251,0.386,44,135,0.326,53,116,0.457,0.474,18,23,0.783,5,50,55,93,26,4,44,51,256,0,2306400
Jaden Springer,21,2TM,SG,49,2,507,59,148,0.399,10,48,0.208,49,100,0.49,0.432,35,42,0.833,33,45,78,44,36,15,34,66,163,0,2226240
Jaden Springer,21,PHI,SG,32,1,377,46,118,0.39,8,37,0.216,38,81,0.469,0.424,28,34,0.824,25,33,58,35,25,11,26,49,128,0,2226240
Jaden Springer,21,BOS,SG,17,1,130,13,30,0.433,2,11,0.182,11,19,0.579,0.467,7,8,0.875,8,12,20,9,11,4,8,17,35,0,2226240
Cam Reddish,24,LAL,SF,48,26,984,91,234,0.389,37,110,0.336,54,124,0.435,0.468,41,54,0.759,27,72,99,48,47,14,31,64,260,0,2165000
Moses Brown,24,POR,C,22,5,200,33,65,0.508,0,0,0,33,65,0.508,0.508,9,31,0.29,37,49,86,7,5,7,11,27,75,0,2165000
Bol Bol,24,PHO,PF,43,0,469,93,151,0.616,22,52,0.423,71,99,0.717,0.689,15,19,0.789,32,105,137,17,10,25,19,42,223,0,2165000
Caleb Houstan,21,ORL,SF,59,13,815,80,206,0.388,72,193,0.373,8,13,0.615,0.563,21,26,0.808,28,56,84,29,15,4,16,61,253,0,2000000
Oshae Brissett,25,BOS,SF,55,1,630,68,153,0.444,15,55,0.273,53,98,0.541,0.493,50,83,0.602,61,99,160,44,19,8,20,54,201,0,2165000
Jared Butler,23,WAS,SG,40,0,566,98,201,0.488,24,78,0.308,74,123,0.602,0.547,31,36,0.861,9,49,58,126,29,8,50,58,251,0,1809782
Kevin Knox,24,DET,SF,31,11,560,86,186,0.462,31,94,0.33,55,92,0.598,0.546,20,22,0.909,18,57,75,23,13,7,22,50,223,0,2144320
Luka Samanic,24,UTA,PF,43,7,404,60,158,0.38,13,64,0.203,47,94,0.5,0.421,44,56,0.786,22,80,102,19,5,7,28,32,177,0,2066585
Matt Ryan,26,NOP,SF,28,1,390,49,113,0.434,41,91,0.451,8,22,0.364,0.615,13,14,0.929,6,34,40,18,6,1,19,32,152,0,2059782
Sandro Mamukelashvili,24,SAS,C,46,5,451,73,155,0.471,19,64,0.297,54,91,0.593,0.532,25,34,0.735,45,102,147,49,7,12,19,35,190,0,2019706
Colby Jones,21,SAC,SG,30,0,192,28,71,0.394,2,22,0.091,26,49,0.531,0.408,6,11,0.545,17,23,40,20,7,5,10,29,64,0,2019706
Terry Taylor,24,CHI,PF,31,0,188,20,39,0.513,2,9,0.222,18,30,0.6,0.538,4,5,0.8,17,20,37,10,5,2,7,17,46,0,2019706
Anthony Gill,31,WAS,PF,50,3,466,75,160,0.469,10,41,0.244,65,119,0.546,0.5,29,36,0.806,37,57,94,34,13,11,23,48,189,0,1997238
KJ Martin,23,2TM,SF,60,2,746,97,181,0.536,8,28,0.286,89,153,0.582,0.558,22,41,0.537,41,90,131,51,22,12,32,100,224,0,1930681
KJ Martin,23,LAC,SF,2,0,31,4,10,0.4,1,5,0.2,3,5,0.6,0.45,1,2,0.5,1,2,3,1,2,1,2,3,10,0,1930681
KJ Martin,23,PHI,SF,58,2,715,93,171,0.544,7,23,0.304,86,148,0.581,0.564,21,39,0.538,40,88,128,50,20,11,30,97,214,0,1930681
Kessler Edwards,23,SAC,SF,54,0,275,34,82,0.415,20,52,0.385,14,30,0.467,0.537,5,9,0.556,9,33,42,15,10,4,4,26,93,0,1927896
Jericho Sims,25,NYK,C,45,11,585,38,55,0.691,0,0,0,38,55,0.691,0.691,16,24,0.667,56,91,147,25,8,19,16,45,92,0,1927896
Ryan Rollins,21,2TM,PG,13,0,78,14,27,0.519,3,4,0.75,11,23,0.478,0.574,13,17,0.765,2,11,13,14,10,3,8,8,44,0,1893589
Ryan Rollins,21,WAS,PG,10,0,66,13,25,0.52,2,3,0.667,11,22,0.5,0.56,13,17,0.765,2,9,11,11,8,3,7,7,41,0,1893589
Ryan Rollins,21,MIL,PG,3,0,12,1,2,0.5,1,1,1,0,1,0,0.75,0,0,0,0,2,2,3,2,0,1,1,3,0,1893589
Isaiah Livers,25,DET,PF,23,6,469,40,116,0.345,22,77,0.286,18,39,0.462,0.44,12,18,0.667,15,33,48,25,13,5,16,43,114,0,1836096
Jalen Wilson,23,BRK,PF,43,3,664,76,179,0.425,24,74,0.324,52,105,0.495,0.492,38,46,0.826,47,84,131,45,11,4,19,48,214,0,850000
JT Thor,21,CHO,PF,63,3,781,80,183,0.437,28,81,0.346,52,102,0.51,0.514,11,20,0.55,43,103,146,29,11,27,15,60,199,0,1836096
Orlando Robinson,23,MIA,C,36,7,304,36,72,0.5,8,15,0.533,28,57,0.491,0.556,19,25,0.76,28,56,84,34,7,8,18,35,99,0,1801769
Eugene Omoruyi,26,WAS,SF,43,0,393,81,167,0.485,13,46,0.283,68,121,0.562,0.524,32,49,0.653,35,50,85,35,27,5,21,62,207,0,1459782
Josh Minott,21,MIN,SF,32,0,91,17,36,0.472,4,10,0.4,13,26,0.5,0.528,12,14,0.857,4,13,17,8,5,5,2,10,50,0,1719864
Julian Phillips,20,CHI,SF,40,0,323,32,77,0.416,12,38,0.316,20,39,0.513,0.494,13,19,0.684,12,24,36,13,7,7,10,40,89,0,1600000
Skylar Mays,26,2TM,SG,38,5,433,63,159,0.396,16,54,0.296,47,105,0.448,0.447,13,17,0.765,10,33,43,85,21,4,20,26,155,0,1165280
Skylar Mays,26,POR,PG,21,5,356,53,138,0.384,14,49,0.286,39,89,0.438,0.435,13,17,0.765,9,28,37,75,14,3,18,20,133,0,1165280
Skylar Mays,26,LAL,SG,17,0,77,10,21,0.476,2,5,0.4,8,16,0.5,0.524,0,0,0,1,5,6,10,7,1,2,6,22,0,1165280
Sidy Cissoko,19,SAS,SF,12,0,141,16,33,0.485,1,12,0.083,15,21,0.714,0.5,12,15,0.8,8,14,22,10,7,3,3,18,45,0,1119563
Rayan Rupert,19,POR,SG,39,12,633,54,161,0.335,28,78,0.359,26,83,0.313,0.422,19,25,0.76,24,68,92,62,12,3,31,56,155,0,1119563
Jacob Gilyard,25,2TM,PG,41,14,699,60,150,0.4,51,126,0.405,9,24,0.375,0.57,2,2,1,9,37,46,137,33,5,30,39,173,0,701336
Jacob Gilyard,25,MEM,PG,37,14,654,60,144,0.417,51,120,0.425,9,24,0.375,0.594,2,2,1,8,35,43,131,27,5,29,35,173,0,701336
Jacob Gilyard,25,BRK,PG,4,0,45,0,6,0,0,6,0,0,0,0,0,0,0,0,1,2,3,6,6,0,1,4,0,0,701336
Trey Jemison,24,2TM,C,25,14,573,75,136,0.551,0,0,0,75,136,0.551,0.551,21,25,0.84,64,70,134,27,12,28,34,69,171,0,341017
Trey Jemison,24,WAS,C,2,0,1,0,0,0,0,0,0,0,0,0,0,0,0,0,0,1,1,0,0,0,1,0,0,0,341017
Trey Jemison,24,MEM,C,23,14,572,75,136,0.551,0,0,0,75,136,0.551,0.551,21,25,0.84,64,69,133,27,12,28,33,69,171,0,341017
Trent Forrest,25,ATL,SG,38,0,414,34,90,0.378,2,10,0.2,32,80,0.4,0.389,13,17,0.765,11,40,51,92,11,3,20,25,83,0,1112933
Stanley Umude,24,DET,SG,24,2,307,37,84,0.44,24,53,0.453,13,31,0.419,0.583,29,32,0.906,8,43,51,11,8,7,14,40,127,0,1098242
Gui Santos,21,GSW,PF,23,0,192,28,55,0.509,10,27,0.37,18,28,0.643,0.6,16,17,0.941,17,32,49,14,4,2,7,23,82,0,1029483
Dominick Barlow,20,SAS,PF,33,1,420,56,113,0.496,3,9,0.333,53,104,0.51,0.509,29,42,0.69,45,68,113,36,12,14,9,47,144,0,1015402
Neemias Queta,24,BOS,C,28,0,333,67,104,0.644,0,0,0,67,104,0.644,0.644,20,28,0.714,53,69,122,20,13,21,13,50,154,0,891035
Javon Freeman-Liberty,24,TOR,PG,22,6,403,55,124,0.444,10,42,0.238,45,82,0.549,0.484,33,36,0.917,16,54,70,40,10,4,25,28,153,0,849324
Lindy Waters III,26,OKC,SG,38,0,280,49,104,0.471,37,85,0.435,12,19,0.632,0.649,2,2,1,7,33,40,24,5,7,7,23,137,0,766095
Luka Garza,25,MIN,C,25,0,122,36,75,0.48,9,32,0.281,27,43,0.628,0.54,18,25,0.72,19,12,31,4,4,1,6,24,99,0,687465
Darius Bazley,23,2TM,PF,9,0,152,18,30,0.6,2,8,0.25,16,22,0.727,0.633,10,12,0.833,8,20,28,7,6,7,8,3,48,0,624425
Darius Bazley,23,PHI,PF,3,0,10,0,1,0,0,0,0,0,1,0,0,0,0,0,0,1,1,2,0,0,1,0,0,0,624425
Darius Bazley,23,UTA,PF,6,0,142,18,29,0.621,2,8,0.25,16,21,0.762,0.655,10,12,0.833,8,19,27,5,6,7,7,3,48,0,624425
Micah Potter,25,UTA,PF,16,0,186,19,40,0.475,9,21,0.429,10,19,0.526,0.588,6,8,0.75,10,33,43,6,4,6,5,14,53,0,559782
Johnny Juzang,22,UTA,SG,20,5,372,51,110,0.464,32,77,0.416,19,33,0.576,0.609,10,14,0.714,7,29,36,23,4,2,13,29,144,0,559782
Justin Minaya,24,POR,SF,34,1,381,22,74,0.297,12,49,0.245,10,25,0.4,0.378,5,9,0.556,30,26,56,21,9,10,9,35,61,0,559782
Saben Lee,24,PHO,PG,24,0,185,20,55,0.364,2,16,0.125,18,39,0.462,0.382,29,39,0.744,9,22,31,30,7,3,8,13,71,0,559782
Terquavion Smith,21,PHI,PG,16,0,84,18,46,0.391,13,35,0.371,5,11,0.455,0.533,3,5,0.6,0,4,4,12,8,0,7,8,52,0,559782
Vit Krejci,23,ATL,PG,22,14,541,51,104,0.49,28,68,0.412,23,36,0.639,0.625,5,6,0.833,11,41,52,50,13,6,20,48,135,0,369971
Jamal Cain,24,MIA,PF,26,1,259,34,79,0.43,11,31,0.355,23,48,0.479,0.5,18,23,0.783,15,22,37,10,10,5,8,22,97,0,559782
Jared Rhoden,24,DET,SG,17,0,245,33,66,0.5,12,31,0.387,21,35,0.6,0.591,5,8,0.625,3,30,33,14,3,13,7,28,83,0,559782
Jontay Porter,24,TOR,PF,26,5,360,40,104,0.385,20,60,0.333,20,44,0.455,0.481,15,18,0.833,26,56,82,60,20,20,21,35,115,0,411794
Collin Gillespie,24,DEN,PG,24,0,225,32,69,0.464,15,38,0.395,17,31,0.548,0.572,8,12,0.667,1,20,21,27,13,0,14,24,87,0,559782
Javonte Green,30,CHI,SF,9,5,230,45,75,0.6,10,27,0.37,35,48,0.729,0.667,10,13,0.769,20,47,67,5,10,8,7,19,110,0,261293
Leaky Black,24,CHO,SF,26,3,284,25,52,0.481,9,20,0.45,16,32,0.5,0.567,10,15,0.667,9,39,48,24,8,11,6,19,69,0,559782
Tosan Evbuomwan,22,2TM,SF,17,8,367,36,71,0.507,12,32,0.375,24,39,0.615,0.592,17,25,0.68,18,42,60,16,6,5,9,23,101,0,295977
Tosan Evbuomwan,22,MEM,SF,4,0,74,4,15,0.267,2,8,0.25,2,7,0.286,0.333,0,0,0,8,6,14,6,0,1,1,5,10,0,295977
Tosan Evbuomwan,22,DET,SF,13,8,293,32,56,0.571,10,24,0.417,22,32,0.688,0.661,17,25,0.68,10,36,46,10,6,4,8,18,91,0,295977
Onuralp Bitim,24,CHI,SG,23,1,268,32,84,0.381,12,44,0.273,20,40,0.5,0.452,4,5,0.8,6,26,32,13,3,2,10,24,80,0,500000
Jules Bernard,24,WAS,SG,19,0,149,29,64,0.453,11,29,0.379,18,35,0.514,0.539,5,9,0.556,10,16,26,16,3,1,8,14,74,0,415011
Jaylen Nowell,24,2TM,SG,13,1,214,34,78,0.436,6,29,0.207,28,49,0.571,0.474,7,9,0.778,6,18,24,19,4,2,7,15,81,0,398160
Jaylen Nowell,24,MEM,SG,9,1,156,22,55,0.4,4,23,0.174,18,32,0.563,0.436,3,3,1,3,11,14,16,3,0,5,13,51,0,398160
Jaylen Nowell,24,DET,SG,4,0,58,12,23,0.522,2,6,0.333,10,17,0.588,0.565,4,6,0.667,3,7,10,3,1,2,2,2,30,0,398160
Justin Champagnie,22,WAS,SF,15,1,235,32,78,0.41,13,45,0.289,19,33,0.576,0.494,12,15,0.8,19,34,53,19,10,9,10,14,89,0,254412
Brandon Williams,24,DAL,PG,17,0,113,20,54,0.37,3,15,0.2,17,39,0.436,0.398,11,17,0.647,4,9,13,17,1,1,7,4,54,0,350668
Ashton Hagans,24,POR,PG,19,1,316,29,71,0.408,8,25,0.32,21,46,0.457,0.465,14,17,0.824,14,31,45,54,11,9,30,40,80,0,270841
Jeff Dowtin,26,PHI,PG,12,0,142,20,36,0.556,9,19,0.474,11,17,0.647,0.681,3,4,0.75,3,17,20,27,7,1,5,1,52,0,269237
Jahmi'us Ramsey,22,TOR,SG,7,1,121,18,41,0.439,6,22,0.273,12,19,0.632,0.512,5,6,0.833,4,18,22,8,7,0,7,10,47,0,232150
DeJon Jarreau,26,MEM,SG,9,0,150,17,50,0.34,4,13,0.308,13,37,0.351,0.38,5,11,0.455,8,36,44,26,6,2,9,14,43,0,207100
Dylan Windler,27,3TM,SF,17,0,108,15,30,0.5,13,27,0.481,2,3,0.667,0.717,0,0,0,3,13,16,10,2,0,2,6,43,0,1116288
Dylan Windler,27,NYK,SF,3,0,7,1,2,0.5,1,2,0.5,0,0,0,0.75,0,0,0,0,1,1,1,0,0,0,1,3,0,1116288
Dylan Windler,27,LAL,SF,8,0,28,4,9,0.444,4,8,0.5,0,1,0,0.667,0,0,0,0,3,3,6,0,0,0,2,12,0,1116288
Dylan Windler,27,ATL,SF,6,0,73,10,19,0.526,8,17,0.471,2,2,1,0.737,0,0,0,3,9,12,3,2,0,2,3,28,0,1116288
Armoni Brooks,25,BRK,PG,10,0,104,15,46,0.326,11,32,0.344,4,14,0.286,0.446,1,2,0.5,7,11,18,5,1,1,3,3,42,0,241285
Jalen Pickett,24,DEN,SG,27,0,122,15,35,0.429,9,25,0.36,6,10,0.6,0.557,3,4,0.75,1,13,14,21,4,0,9,13,42,0,1708143
Zavier Simpson,26,MEM,PG,7,0,161,17,54,0.315,5,17,0.294,12,37,0.324,0.361,3,4,0.75,4,16,20,25,7,3,10,11,42,0,207100
Cole Swider,24,MIA,SF,18,0,87,15,38,0.395,10,30,0.333,5,8,0.625,0.526,2,2,1,1,6,7,5,1,1,8,4,42,0,559782
Emoni Bates,20,CLE,SF,15,0,133,15,49,0.306,10,33,0.303,5,16,0.313,0.408,1,4,0.25,1,13,14,10,1,2,8,5,41,0,559782
Robert Williams,26,POR,C,6,0,119,17,26,0.654,0,0,0,17,26,0.654,0.654,7,9,0.778,11,27,38,5,7,7,7,17,41,0,11571429
Trevelin Queen,26,ORL,SG,14,0,165,14,38,0.368,3,17,0.176,11,21,0.524,0.408,9,12,0.75,3,17,20,18,7,5,7,15,40,0,559782
Joe Harris,32,DET,SG,16,0,170,14,39,0.359,10,30,0.333,4,9,0.444,0.487,1,2,0.5,3,10,13,10,3,2,4,19,39,0,19928571
Dru Smith,26,MIA,SG,9,0,131,15,33,0.455,7,17,0.412,8,16,0.5,0.561,2,2,1,6,8,14,14,9,3,5,12,39,0,1801769
Marques Bolden,25,2TM,C,11,2,121,17,25,0.68,0,1,0,17,24,0.708,0.68,3,4,0.75,10,24,34,4,3,7,3,10,37,0,502131
Marques Bolden,25,MIL,C,2,0,3,0,0,0,0,0,0,0,0,0,0,0,0,0,0,2,2,0,0,0,0,1,0,0,502131
Marques Bolden,25,CHO,C,9,2,118,17,25,0.68,0,1,0,17,24,0.708,0.68,3,4,0.75,10,22,32,4,3,7,3,9,37,0,502131
Adama Sanogo,21,CHI,PF,9,0,66,14,27,0.519,0,0,0,14,27,0.519,0.519,8,12,0.667,19,17,36,0,1,0,5,5,36,0,559782
Udoka Azubuike,24,PHO,C,16,0,113,16,23,0.696,0,0,0,16,23,0.696,0.696,3,13,0.231,11,21,32,3,1,6,4,17,35,0,559782
Ibou Badji,21,POR,C,22,1,226,14,22,0.636,0,0,0,14,22,0.636,0.636,6,12,0.5,20,31,51,13,3,20,15,46,34,0,466485
Buddy Boeheim,24,DET,SF,10,0,84,9,29,0.31,8,25,0.32,1,4,0.25,0.448,8,10,0.8,3,7,10,3,0,1,0,5,34,0,167291
Jalen Hood-Schifino,20,LAL,SG,21,0,109,10,45,0.222,2,15,0.133,8,30,0.267,0.244,12,20,0.6,2,11,13,8,3,2,9,13,34,0,3695076
Olivier Sarr,24,OKC,C,15,0,98,11,19,0.579,2,6,0.333,9,13,0.692,0.632,10,15,0.667,10,26,36,2,0,7,3,18,34,0,559782
Gabe Vincent,27,LAL,PG,11,0,218,15,49,0.306,3,28,0.107,12,21,0.571,0.337,1,2,0.5,4,5,9,21,9,0,5,19,34,0,10500000
Taj Gibson,38,2TM,PF,20,1,204,15,37,0.405,2,10,0.2,13,27,0.481,0.432,2,2,1,12,25,37,11,3,7,5,31,34,0,4776302
Taj Gibson,38,NYK,PF,16,1,165,7,23,0.304,0,6,0,7,17,0.412,0.304,2,2,1,10,18,28,9,2,6,5,28,16,0,4776302
Taj Gibson,38,DET,PF,4,0,39,8,14,0.571,2,4,0.5,6,10,0.6,0.643,0,0,0,2,7,9,2,1,1,0,3,18,0,4776302
Nate Hinton,24,HOU,SG,15,0,75,11,26,0.423,7,14,0.5,4,12,0.333,0.558,4,5,0.8,7,15,22,10,3,2,3,11,33,0,559782
Nathan Mensah,25,CHO,C,25,0,307,12,28,0.429,0,0,0,12,28,0.429,0.429,9,12,0.75,29,36,65,9,6,14,14,64,33,0,395708
Xavier Moon,29,LAC,SG,14,1,119,15,46,0.326,2,17,0.118,13,29,0.448,0.348,1,2,0.5,8,10,18,21,3,3,5,8,33,0,489005
Thanasis Antetokounmpo,31,MIL,PF,34,0,155,16,30,0.533,0,1,0,16,29,0.552,0.533,0,2,0,7,6,13,17,7,4,14,24,32,0,2346614
Matthew Hurt,23,MEM,PF,8,0,113,12,34,0.353,5,20,0.25,7,14,0.5,0.426,3,3,1,9,7,16,4,3,3,2,8,32,0,128686
Keon Johnson,21,BRK,SG,5,0,61,8,21,0.381,4,10,0.4,4,11,0.364,0.476,11,12,0.917,3,4,7,3,3,1,5,5,31,0,3342765
Jerome Robinson,26,GSW,SG,22,0,81,11,33,0.333,2,17,0.118,9,16,0.563,0.364,7,11,0.636,1,5,6,5,1,3,2,5,31,0,559782
Jett Howard,20,ORL,SF,18,0,67,10,30,0.333,7,25,0.28,3,5,0.6,0.45,2,4,0.5,1,6,7,6,2,2,3,4,29,0,5026824
Leonard Miller,20,MIN,SF,17,0,52,13,20,0.65,2,5,0.4,11,15,0.733,0.7,1,2,0.5,5,15,20,8,2,1,1,5,29,0,1800000
Daishen Nix,21,MIN,PG,15,0,50,9,24,0.375,6,17,0.353,3,7,0.429,0.5,3,6,0.5,1,2,3,6,5,0,5,2,27,0,559782
Mouhamadou Gueye,25,TOR,PF,11,0,120,11,38,0.289,0,3,0,11,35,0.314,0.289,4,9,0.444,12,11,23,5,3,18,12,15,26,0,199463
Chris Livingston,20,MIL,SF,21,0,90,11,22,0.5,1,5,0.2,10,17,0.588,0.523,3,4,0.75,3,18,21,5,2,0,5,15,26,0,1119563
Admiral Schofield,26,ORL,PF,23,0,84,10,26,0.385,6,16,0.375,4,10,0.4,0.5,0,2,0,3,14,17,7,1,0,5,9,26,0,559782
Oscar Tshiebwe,24,IND,PF,8,0,42,10,20,0.5,0,0,0,10,20,0.5,0.5,6,8,0.75,8,8,16,2,2,1,0,3,26,0,559782
Colin Castleton,23,LAL,C,16,0,59,9,16,0.563,0,0,0,9,16,0.563,0.563,6,6,1,6,6,12,3,2,0,3,11,24,0,559782
Mouhamed Gueye,21,ATL,PF,6,0,73,8,23,0.348,3,9,0.333,5,14,0.357,0.413,5,6,0.833,10,12,22,4,5,4,1,13,24,0,1119563
Amari Bailey,19,CHO,PG,10,0,65,8,24,0.333,1,8,0.125,7,16,0.438,0.354,6,7,0.857,6,3,9,7,3,0,4,2,23,0,559782
RaiQuan Gray,24,SAS,PF,3,0,39,10,17,0.588,3,7,0.429,7,10,0.7,0.676,0,0,0,2,5,7,6,1,1,1,0,23,0,141554
Jay Huff,25,DEN,C,20,0,49,9,15,0.6,3,9,0.333,6,6,1,0.7,2,2,1,2,9,11,2,2,3,1,9,23,0,559782
Isaiah Mobley,24,CLE,PF,10,0,72,10,24,0.417,3,10,0.3,7,14,0.5,0.479,0,1,0,3,7,10,6,2,0,2,6,23,0,559782
Dexter Dennis,24,DAL,SG,4,0,30,10,19,0.526,1,8,0.125,9,11,0.818,0.553,1,3,0.333,1,8,9,4,0,1,3,1,22,0,212331
Braxton Key,26,DEN,SF,20,0,60,7,17,0.412,2,5,0.4,5,12,0.417,0.471,6,8,0.75,3,15,18,9,2,1,1,5,22,0,559782
Kendall Brown,20,IND,SG,15,0,63,8,15,0.533,0,2,0,8,13,0.615,0.533,5,8,0.625,3,2,5,5,0,0,2,9,21,0,1100000
Jamaree Bouyea,24,2TM,PG,9,0,95,10,28,0.357,1,9,0.111,9,19,0.474,0.375,0,0,0,3,16,19,11,1,0,9,10,21,0,170801
Jamaree Bouyea,24,POR,PG,6,0,57,5,21,0.238,0,8,0,5,13,0.385,0.238,0,0,0,2,8,10,8,0,0,8,3,10,0,170801
Jamaree Bouyea,24,SAS,PG,3,0,38,5,7,0.714,1,1,1,4,6,0.667,0.786,0,0,0,1,8,9,3,1,0,1,7,11,0,170801
Jermaine Samuels,25,HOU,SF,14,0,60,9,14,0.643,0,2,0,9,12,0.75,0.643,2,2,1,3,10,13,3,1,2,0,5,20,0,559782
Kobi Simmons,26,TOR,PG,4,0,67,9,21,0.429,2,8,0.25,7,13,0.538,0.476,0,0,0,1,6,7,12,6,2,1,5,20,0,120250
Hunter Tyson,23,DEN,PF,18,0,48,8,20,0.4,4,14,0.286,4,6,0.667,0.5,0,0,0,1,8,9,2,1,0,2,10,20,0,1119563
Robin Lopez,35,MIL,C,16,2,65,7,19,0.368,2,8,0.25,5,11,0.455,0.421,2,2,1,3,2,5,4,1,3,2,7,18,0,3196448
Wenyen Gabriel,26,MEM,PF,5,0,81,8,22,0.364,1,6,0.167,7,16,0.438,0.386,0,5,0,7,18,25,3,2,2,8,10,17,0,124425
JD Davison,21,BOS,SG,8,0,39,5,12,0.417,3,7,0.429,2,5,0.4,0.542,3,4,0.75,2,8,10,10,1,1,2,4,16,0,559782
Jordan Walsh,19,BOS,SF,9,1,83,6,15,0.4,2,9,0.222,4,6,0.667,0.467,1,2,0.5,5,15,20,5,5,1,3,11,15,0,1119563
Alex Fudge,20,2TM,SF,6,0,40,6,15,0.4,1,5,0.2,5,10,0.5,0.433,2,2,1,4,1,5,0,3,0,2,2,15,0,376405
Alex Fudge,20,LAL,SF,4,0,14,1,6,0.167,0,2,0,1,4,0.25,0.167,2,2,1,2,0,2,0,0,0,1,1,4,0,376405
Alex Fudge,20,DAL,SF,2,0,26,5,9,0.556,1,3,0.333,4,6,0.667,0.611,0,0,0,2,1,3,0,3,0,1,1,11,0,376405
D'Moi Hodge,25,LAL,SG,7,0,41,5,15,0.333,3,12,0.25,2,3,0.667,0.433,1,2,0.5,0,0,0,5,1,1,1,4,14,0,241285
DaQuan Jeffries,26,NYK,SG,17,0,46,6,17,0.353,2,10,0.2,4,7,0.571,0.412,0,2,0,0,5,5,5,0,1,3,2,14,0,1341538
Seth Lundy,23,ATL,SF,9,0,52,4,17,0.235,3,13,0.231,1,4,0.25,0.324,3,4,0.75,1,6,7,0,0,0,1,6,14,0,559782
Dereon Seabron,23,NOP,SG,6,0,55,4,13,0.308,1,2,0.5,3,11,0.273,0.346,5,6,0.833,1,6,7,5,2,1,0,4,14,0,559782
Jordan Miller,24,LAC,SF,8,0,28,5,9,0.556,1,2,0.5,4,7,0.571,0.611,2,2,1,3,2,5,0,0,0,1,2,13,0,559782
Jacob Toppin,23,NYK,SF,9,0,38,5,9,0.556,1,4,0.25,4,5,0.8,0.611,2,2,1,3,4,7,3,0,1,1,3,13,0,759245
Mamadi Diakite,27,2TM,PF,6,0,24,4,6,0.667,0,1,0,4,5,0.8,0.667,4,6,0.667,1,3,4,2,1,1,1,2,12,0,710574
Mamadi Diakite,27,SAS,PF,3,0,16,4,5,0.8,0,0,0,4,5,0.8,0.8,4,6,0.667,1,2,3,2,0,1,0,1,12,0,710574
Mamadi Diakite,27,NYK,PF,3,0,8,0,1,0,0,1,0,0,0,0,0,0,0,0,0,1,1,0,1,0,1,1,0,0,710574
Jordan Ford,25,SAC,PG,6,0,22,4,7,0.571,2,3,0.667,2,4,0.5,0.714,2,2,1,0,2,2,2,0,0,1,0,12,0,559782
Jason Preston,24,UTA,PG,7,0,71,6,19,0.316,0,3,0,6,16,0.375,0.316,0,0,0,6,11,17,16,2,1,2,3,12,0,315280
Henri Drell,23,CHI,SF,4,0,30,4,10,0.4,2,6,0.333,2,4,0.5,0.5,1,2,0.5,1,3,4,4,2,1,2,6,11,0,389274
Keyontae Johnson,23,OKC,SF,9,0,66,5,16,0.313,1,3,0.333,4,13,0.308,0.344,0,0,0,4,6,10,4,1,0,4,5,11,0,559782
Maxwell Lewis,21,LAL,SF,34,0,103,4,21,0.19,1,9,0.111,3,12,0.25,0.214,2,3,0.667,2,2,4,6,2,1,10,5,11,0,1119563
Drew Peterson,24,BOS,PF,3,0,23,4,6,0.667,3,5,0.6,1,1,1,0.917,0,0,0,0,1,1,1,2,0,1,1,11,0,395708
James Johnson,36,IND,PF,9,0,47,3,10,0.3,0,2,0,3,8,0.375,0.3,2,2,1,1,3,4,8,5,1,5,9,8,0,3839412
Jalen Slawson,24,SAC,SF,12,0,37,4,6,0.667,0,2,0,4,4,1,0.667,0,0,0,1,6,7,2,1,1,2,8,8,0,559782
Isaiah Thomas,34,PHO,PG,6,0,19,3,10,0.3,2,4,0.5,1,6,0.167,0.4,0,0,0,0,0,0,3,0,0,0,0,8,0,477630
Mason Jones,25,SAC,SG,5,0,28,2,8,0.25,2,7,0.286,0,1,0,0.375,1,2,0.5,1,4,5,5,1,0,2,3,7,0,212331
Juan Toscano-Anderson,30,SAC,SF,11,0,53,3,12,0.25,1,4,0.25,2,8,0.25,0.292,0,0,0,4,10,14,4,1,1,2,11,7,0,447931
Jack White,26,MEM,SF,4,0,64,2,16,0.125,2,10,0.2,0,6,0,0.188,0,0,0,4,8,12,1,4,1,2,3,6,0,703550
Lindell Wigginton,25,MIL,PG,3,0,8,2,5,0.4,0,2,0,2,3,0.667,0.4,2,2,1,0,0,0,0,0,0,1,1,6,0,244502
Frank Ntilikina,25,CHO,PG,5,0,43,1,9,0.111,1,8,0.125,0,1,0,0.167,2,2,1,1,5,6,4,0,0,1,4,5,0,2528233
Alondes Williams,24,MIA,SG,7,0,16,2,8,0.25,0,4,0,2,4,0.5,0.25,1,1,1,0,1,1,0,0,1,2,2,5,0,212331
Kevon Harris,26,ORL,SG,2,0,6,2,3,0.667,0,0,0,2,3,0.667,0.667,0,0,0,0,2,2,1,0,0,1,3,4,0,559782
Ty Jerome,26,CLE,SG,2,0,15,2,4,0.5,0,1,0,2,3,0.667,0.5,0,0,0,1,0,1,3,0,0,1,2,4,0,2439025
Pat Spencer,27,GSW,PG,6,0,26,2,4,0.5,0,2,0,2,2,1,0.5,0,0,0,2,2,4,5,0,0,1,1,4,0,170508
Adam Flagler,24,OKC,SG,2,0,14,1,7,0.143,1,6,0.167,0,1,0,0.214,0,0,0,0,0,0,4,0,0,0,0,3,0,205897
Usman Garuba,21,GSW,PF,6,0,18,1,6,0.167,0,1,0,1,5,0.2,0.167,1,2,0.5,3,4,7,1,1,3,2,2,3,0,3159790
Dariq Whitehead,19,BRK,SF,2,0,24,1,5,0.2,0,3,0,1,2,0.5,0.2,1,2,0.5,0,4,4,3,0,1,0,0,3,0,2966040
Pete Nance,23,CLE,PF,8,0,27,1,6,0.167,1,1,1,0,5,0,0.25,0,2,0,0,3,3,0,1,0,1,2,3,0,244503
Filip Petrusev,23,2TM,C,3,0,10,1,2,0.5,0,0,0,1,2,0.5,0.5,1,2,0.5,0,1,1,0,0,0,0,1,3,0,559782
Filip Petrusev,23,PHI,C,1,0,3,0,0,0,0,0,0,0,0,0,0,0,0,0,0,1,1,0,0,0,0,0,0,0,559782
Filip Petrusev,23,SAC,C,2,0,7,1,2,0.5,0,0,0,1,2,0.5,0.5,1,2,0.5,0,0,0,0,0,0,0,1,3,0,559782
Hamidou Diallo,25,WAS,SG,2,0,5,1,2,0.5,0,0,0,1,2,0.5,0.5,0,0,0,2,0,2,1,2,0,1,1,2,0,134863
Shaquille Harrison,30,MEM,SG,3,0,6,1,2,0.5,0,0,0,1,2,0.5,0.5,0,0,0,0,2,2,0,0,1,0,0,2,0,145301
Quenton Jackson,25,IND,PG,3,0,11,0,1,0,0,0,0,0,1,0,0,2,2,1,0,4,4,2,1,0,0,1,2,0,135120
Markquis Nowell,24,TOR,SG,1,0,4,0,1,0,0,0,0,0,1,0,0,2,2,1,2,0,2,2,1,0,0,0,2,0,559782
Isaiah Wong,23,IND,SG,1,0,4,1,3,0.333,0,1,0,1,2,0.5,0.333,0,0,0,0,0,0,0,0,0,0,0,2,0,559782
Ryan Arcidiacono,29,NYK,PG,20,0,45,0,6,0,0,6,0,0,0,0,0,0,0,0,0,8,8,4,2,0,2,5,0,0,2528233
Malcolm Cazalon,22,DET,SG,1,0,3,0,0,0,0,0,0,0,0,0,0,0,0,0,0,0,0,0,0,0,0,0,0,0,559782
Andrew Funk,24,CHI,SG,5,0,13,0,4,0,0,3,0,0,1,0,0,0,0,0,0,0,0,0,1,1,0,0,0,0,160857
Danny Green,36,PHI,SG,2,0,18,0,2,0,0,1,0,0,1,0,0,0,0,0,0,2,2,1,1,0,0,1,0,0,202074
Justin Jackson,28,MIN,SF,2,0,1,0,0,0,0,0,0,0,0,0,0,0,0,0,0,0,0,0,0,0,0,0,0,0,145301
